anger,disgust,fear,happiness,sadness,surprise,neutral,AU01,AU02,AU04,AU05,AU06,AU07,AU09,AU10,AU11,AU12,AU14,AU15,AU17,AU20,AU23,AU24,AU25,AU26,AU28,AU43,img_name,level
0.006758823,0.0058664028,0.209326,0.18204305,0.028467292,0.002198695,0.56533974,0.77438116,0.7319866,0.40886772,0.2856926,0.8218655,1.0,0.39330292,0.92689466,1.0,0.6672951,0.7345449,0.5388846,0.25372007,1.0,0.24951908,0.028061904,0.9991179,0.56495416,0.17959885,0.64874464,./image/P17/P17_1659071261869.png,1
0.033034217,0.01697871,0.102778606,0.23963642,0.056237787,0.0051986095,0.54613566,0.6597726,0.5841404,0.28624582,0.3878652,0.56380576,0.0,0.3303671,0.9747481,1.0,0.65984875,0.5951786,0.692274,0.31780785,1.0,0.5288143,0.2620738,0.98962283,0.45741287,0.12878004,0.5008338,./image/P17/P17_1659035135159.png,1
0.0077620395,0.0057443967,0.04251335,0.18726315,0.029532276,0.0013502399,0.7258345,0.3795588,0.1805826,0.1977752,0.2421332,0.5630135,1.0,0.39971644,0.90251577,1.0,0.6376661,0.54094523,0.6212799,0.46916038,1.0,0.6354019,0.08749616,0.99662423,0.5627308,0.34486318,0.72017074,./image/P17/P17_1659106965164.png,1
0.007262691,0.0036886467,0.08527711,0.15658584,0.05658871,0.0015763589,0.6890206,0.52864224,0.22654872,0.33705568,0.23442325,0.33466145,1.0,0.4170891,0.23105074,0.0,0.26451594,0.48278007,0.25090668,0.46402064,1.0,0.6876127,0.19817859,0.99953055,0.76693094,0.20308453,0.43853912,./image/P17/P17_1659193614187.png,1
0.007604025,0.0141490735,0.30038944,0.21893196,0.030228885,0.0037792465,0.42491743,0.4797429,0.34102017,0.30020377,0.25479904,0.3918897,0.0,0.47413105,0.83881783,1.0,0.46010303,0.63169146,0.15852238,0.33568838,1.0,0.66214734,0.2823901,0.99697554,0.26001948,0.26126355,0.72008187,./image/P17/P17_1659017142573.png,1
0.005694786,0.0018920944,0.02334692,0.17427899,0.051062573,0.0008873778,0.74283725,0.6149843,0.4570746,0.23518915,0.40617707,0.21439563,0.0,0.3265816,0.07557716,0.0,0.3733943,0.41261798,0.2873553,0.34803292,1.0,0.54844594,0.39238083,0.9897488,0.23090397,0.115027755,0.7573601,./image/P17/P17_1659035208272.png,1
0.014004186,0.0048695197,0.061259262,0.309034,0.032028902,0.003634394,0.57516974,0.635892,0.4580744,0.20734762,0.23540631,0.70468473,0.0,0.40346497,0.9966363,0.0,0.7703213,0.53486705,0.7828075,0.38124686,1.0,0.47581634,0.0983118,0.99634016,0.47818094,0.10993438,0.8463147,./image/P17/P17_1658940795846.png,1
0.016652424,0.0044624256,0.03433671,0.14421219,0.03125557,0.0015330835,0.76754767,0.6040943,0.553151,0.41835138,0.40064687,0.42817837,0.0,0.2964204,0.3966318,0.0,0.4344666,0.36634246,0.227643,0.33681452,1.0,0.3996681,0.5703248,0.9422553,0.38435063,0.15365113,0.94559896,./image/P17/P17_1659071262525.png,1
0.010517178,0.00494897,0.07620083,0.21178886,0.044277813,0.0024216075,0.6498447,0.50143635,0.22316098,0.23227191,0.22828668,0.5007777,0.0,0.4122355,0.5806776,1.0,0.4011841,0.53240436,0.4475855,0.40291342,1.0,0.627416,0.06804808,0.99232614,0.3553815,0.05124488,0.49510047,./image/P17/P17_1659106927262.png,1
0.026451934,0.005943975,0.26622093,0.06383827,0.1036171,0.013067109,0.5208607,0.5259251,0.35419965,0.13014555,0.36945447,0.112135604,1.0,0.18813032,0.19609046,1.0,0.14582409,0.2965031,0.27136782,0.40036252,0.0,0.6716628,0.18458717,0.98779804,0.5365702,0.05311723,0.07206681,./image/P17/P17_1659663264963.png,1
0.016492685,0.0051169638,0.062192496,0.10522686,0.096217975,0.008209542,0.7065435,0.53609073,0.3293367,0.23551537,0.3692136,0.2152778,0.0,0.23260239,0.007892,1.0,0.3451277,0.5553657,0.16750288,0.46254802,0.0,0.5082386,0.55766773,0.9232369,0.2819454,0.115121186,0.16016372,./image/P17/P17_1659106847955.png,1
0.017591707,0.016383555,0.1606617,0.46496612,0.02913897,0.0027254529,0.30853248,0.73161346,0.4538233,0.28630447,0.26960653,0.79841226,1.0,0.40299723,0.55042535,1.0,0.7059795,0.6115701,0.46581888,0.323524,1.0,0.40847906,0.040126827,0.973893,0.3405008,0.38445696,0.40314835,./image/P17/P17_1659126749218.png,1
0.018001782,0.0075994837,0.031832375,0.3747952,0.05778001,0.002263809,0.5077273,0.4201876,0.19152024,0.22101983,0.24419664,0.7224404,1.0,0.44247606,0.64791214,0.0,0.8788205,0.46415877,0.5682507,0.41934803,1.0,0.6808945,0.07083374,0.99766904,0.46721926,0.12830402,0.91700554,./image/P17/P17_1659106902056.png,1
0.01661289,0.0038409599,0.05130749,0.15151834,0.08637558,0.0032889522,0.68705577,0.4881154,0.3431364,0.33978254,0.233249,0.19851014,1.0,0.2797912,0.2788795,1.0,0.29395476,0.48054728,0.49881008,0.40123817,1.0,0.77718407,0.18832625,0.99254966,0.5707132,0.10404007,0.533004,./image/P17/P17_1658948517284.png,1
0.018318813,0.012438762,0.08031758,0.46305996,0.025866318,0.0015279739,0.3984706,0.49876365,0.2517172,0.38558426,0.3070833,0.50128907,1.0,0.4092712,0.9400673,1.0,0.5280883,0.57067066,0.6395979,0.47694933,1.0,0.7459702,0.101323605,0.9993968,0.64453125,0.18253312,0.5134657,./image/P17/P17_1659017078126.png,1
0.007912622,0.008796289,0.108502954,0.28158495,0.037578948,0.0012794527,0.5543448,0.64200735,0.39874578,0.25889552,0.34933683,0.7738776,1.0,0.39130256,0.9306616,0.0,0.812588,0.6038555,0.49775138,0.30798098,1.0,0.49286178,0.0896388,0.998434,0.44381285,0.124196336,0.7202189,./image/P17/P17_1659283613472.png,1
0.025587305,0.007937078,0.13072093,0.20648734,0.041848633,0.004100968,0.58331776,0.5287927,0.51750016,0.27476737,0.36247525,0.62337494,1.0,0.32087964,0.888834,0.0,0.73990756,0.5473795,0.367317,0.3018276,1.0,0.2844315,0.36504218,0.9926736,0.25457498,0.18038315,0.7333189,./image/P17/P17_1658963419395.png,1
0.008784084,0.003363836,0.07990954,0.111098155,0.066522926,0.004689115,0.7256323,0.57918096,0.2690544,0.2505694,0.258154,0.3485978,1.0,0.47543526,0.7823012,1.0,0.32698533,0.6136263,0.33622706,0.460504,1.0,0.4242768,0.33670816,0.9872537,0.17767638,0.14362961,0.45611355,./image/P17/P17_1659017135327.png,1
0.007817293,0.0059537534,0.23759589,0.0695188,0.06149273,0.006436327,0.6111852,0.595714,0.39599198,0.21831822,0.4264827,0.11587518,0.0,0.15597835,0.008615458,1.0,0.073124796,0.2734009,0.10494386,0.37214604,0.0,0.6066152,0.4804859,0.92403585,0.50105625,0.06962803,0.08237238,./image/P17/P17_1659663264508.png,1
0.014234452,0.011065028,0.030839808,0.22592562,0.03917263,0.0015685019,0.67719394,0.57145715,0.43726048,0.22904016,0.32311788,0.40628976,1.0,0.38661093,0.11060047,1.0,0.7491999,0.5902704,0.31630903,0.37446398,1.0,0.63152325,0.5478778,0.9852697,0.31907552,0.28635475,0.9238198,./image/P17/P17_1659071227066.png,1
0.0072237123,0.008885023,0.3339616,0.07762214,0.108690664,0.008064261,0.45555258,0.6196288,0.35483012,0.23848343,0.24406691,0.07469659,0.0,0.19618778,0.05232811,0.0,0.09233194,0.25394908,0.4479136,0.33559135,0.0,0.73207045,0.22762546,0.99029607,0.33924586,0.037281867,0.31097135,./image/P17/P17_1658940774433.png,1
0.0037913164,0.0037626175,0.09287497,0.48594218,0.037757955,0.001202619,0.37466836,0.38889974,0.30528697,0.4897529,0.24458623,0.78620887,1.0,0.43757388,0.9791748,1.0,0.9443974,0.64905703,0.368649,0.33609352,1.0,0.2917408,0.0455715,0.9983,0.35171956,0.37435812,0.92344105,./image/P17/P17_1659283499454.png,1
0.011748359,0.0099543985,0.1269602,0.27144378,0.040909633,0.0029707688,0.5360128,0.75652826,0.5594168,0.1913069,0.25887144,0.39888707,1.0,0.36188018,0.13990436,1.0,0.32424074,0.49678582,0.30803883,0.43090788,1.0,0.74831194,0.07319999,0.9897133,0.53387535,0.1088574,0.7349755,./image/P17/P17_1659126785290.png,1
0.0077308016,0.005960297,0.15526485,0.26999077,0.03581095,0.0019072122,0.523335,0.7708451,0.65475225,0.3260484,0.2986396,0.41045123,0.0,0.3527012,0.9371184,0.0,0.21570352,0.45144892,0.68949026,0.3537019,1.0,0.37752607,0.18867064,0.9709561,0.34982562,0.3310285,0.682554,./image/P17/P17_1659035137262.png,1
0.019574558,0.008566777,0.10914529,0.15192947,0.04843315,0.004227283,0.6581234,0.6096374,0.4126931,0.11616084,0.30676943,0.32163018,0.0,0.41609392,0.12277624,0.0,0.6117816,0.46414542,0.57322097,0.5075742,1.0,0.48035014,0.14646584,0.99515,0.24398269,0.19513856,0.70914423,./image/P17/P17_1659106919564.png,1
0.030788815,0.043515015,0.13864288,0.5908888,0.015271803,0.007271692,0.17362098,0.601302,0.19887042,0.21331108,0.2529662,0.53462785,1.0,0.41351482,0.965054,0.0,0.2759287,0.51478106,0.55765367,0.37576315,1.0,0.4635047,0.043368787,0.99782145,0.44864452,0.17853126,0.6999504,./image/P17/P17_1659209707006.png,1
0.009200054,0.0064842883,0.04312968,0.2940045,0.05085828,0.0017587713,0.5945644,0.5795845,0.36025324,0.2348406,0.25026113,0.57114077,1.0,0.34717163,0.6033022,1.0,0.59644353,0.6503003,0.56177473,0.48208973,1.0,0.7962852,0.11449108,0.99858356,0.4461217,0.09560037,0.45063314,./image/P17/P17_1659283551857.png,1
0.061597243,0.009243057,0.027780006,0.16280387,0.036263995,0.0014143353,0.7008974,0.57409954,0.5835922,0.18908834,0.4186681,0.75619215,0.0,0.39955586,0.62435716,0.0,0.7630965,0.503311,0.4933172,0.5227145,1.0,0.57965267,0.31610194,0.81459826,0.6624509,0.08055533,0.2536204,./image/P17/P17_1659035180931.png,1
0.004332167,0.0050413627,0.28155574,0.0813705,0.12784144,0.0071714898,0.49268723,0.58920133,0.5121677,0.13439886,0.26022536,0.09179681,0.0,0.19901513,0.1477545,1.0,0.12857589,0.2888322,0.3651035,0.47908682,0.0,0.71618026,0.23832963,0.72980165,0.38770905,0.1887668,0.44976127,./image/P17/P17_1658940763963.png,1
0.0061397036,0.0106963,0.1890868,0.12773953,0.042348083,0.004220328,0.61976916,0.4130369,0.23802823,0.11941928,0.24965674,0.056758977,0.0,0.20039143,0.022897216,0.0,0.042179756,0.40793428,0.26357126,0.32802808,1.0,0.7536178,0.6689223,0.18710218,0.42994377,0.5453093,0.48744214,./image/P17/P17_1659663346413.png,1
0.014897205,0.004780683,0.07687699,0.11865029,0.033083364,0.001996931,0.7497145,0.45254248,0.21470073,0.23300897,0.31244886,0.30100152,0.0,0.39032227,0.36792612,0.0,0.512873,0.5124485,0.53456974,0.46073338,1.0,0.65420234,0.17780504,0.99099535,0.20221168,0.34558693,0.6835619,./image/P17/P17_1659017097198.png,1
0.0153246755,0.006735831,0.12067945,0.21320786,0.03996457,0.0021184785,0.6019691,0.71655315,0.3402461,0.30541438,0.25313663,0.47441104,0.0,0.42302203,0.6088764,1.0,0.5422345,0.41414684,0.8077092,0.38975745,1.0,0.70730776,0.0945836,0.9984085,0.74158067,0.12290269,0.84013134,./image/P17/P17_1659126784288.png,1
0.020561373,0.004136419,0.15955298,0.12659428,0.050431367,0.009994762,0.62872875,0.6525183,0.20865564,0.33559778,0.23320836,0.22550327,0.0,0.3951031,0.9474203,0.0,0.3597853,0.44635332,0.46019593,0.43700603,1.0,0.75220066,0.2743985,0.9940221,0.25168335,0.22242713,0.6210539,./image/P17/P17_1659071231960.png,1
0.014954928,0.019429237,0.080325805,0.4385082,0.03193986,0.0013358702,0.4135061,0.69592863,0.34650046,0.26970637,0.23182023,0.30140984,1.0,0.38529092,0.64905524,1.0,0.26301754,0.34850508,0.63818055,0.4031364,0.0,0.6380908,0.05676491,0.9989195,0.8312324,0.27335313,0.8755847,./image/P17/P17_1659193639595.png,1
0.01567677,0.007224512,0.064620174,0.25653774,0.059877206,0.0032446852,0.59281886,0.57891834,0.48982263,0.35404423,0.23494561,0.76957506,1.0,0.4363117,0.9622943,1.0,0.72428596,0.6484973,0.3061848,0.4457077,1.0,0.54657054,0.09724967,0.99882823,0.6512138,0.13871521,0.7295662,./image/P17/P17_1659126712254.png,1
0.022718899,0.0043172017,0.05734958,0.11798929,0.10487984,0.0077307373,0.6850145,0.51039636,0.2515196,0.34464973,0.24733016,0.24223644,0.0,0.37901154,0.026667899,0.0,0.2666673,0.63960236,0.59757566,0.6403662,1.0,0.7635371,0.64270395,0.9863403,0.059903238,0.045202967,0.49239323,./image/P17/P17_1659017105637.png,1
0.004258173,0.01521968,0.13441242,0.07288611,0.037257995,0.008363038,0.72760266,0.4675218,0.1743942,0.2614919,0.38097292,0.06793548,0.0,0.1868311,0.5922954,1.0,0.09050977,0.39785844,0.20914465,0.36073455,1.0,0.5155579,0.69924015,0.21243292,0.052178245,0.26681277,0.084403925,./image/P17/P17_1659315774412.png,1
0.007057871,0.00351184,0.13149795,0.12195002,0.041055176,0.001154546,0.6937726,0.3601391,0.21898907,0.34379923,0.22892678,0.7213471,1.0,0.57408375,0.9581722,1.0,0.9309781,0.57625455,0.2635481,0.2085558,1.0,0.25734946,0.035388295,0.9996189,0.6147764,0.16256055,0.9243214,./image/P17/P17_1658948621135.png,1
0.008948821,0.007787341,0.025379589,0.2270878,0.04318764,0.001070796,0.68653804,0.5185531,0.1801698,0.26750404,0.23150082,0.3611731,1.0,0.33060622,0.7348001,0.0,0.47545528,0.41254348,0.3978865,0.43275806,1.0,0.49519047,0.17496891,0.992569,0.3504277,0.13224007,0.67745364,./image/P17/P17_1659663144592.png,1
0.008637203,0.0044567445,0.26833007,0.10172268,0.14101762,0.011758318,0.46407738,0.66656715,0.42430976,0.2916515,0.39756256,0.085634895,0.0,0.1768946,0.09103151,0.0,0.06770213,0.3453492,0.49882147,0.3255152,1.0,0.7359699,0.23355076,0.99607396,0.57362884,0.027307022,0.121432,./image/P17/P17_1658940773846.png,1
0.013725017,0.004606729,0.104097776,0.1588178,0.046124164,0.0024769749,0.6701515,0.7635986,0.66055053,0.31463936,0.40955776,0.6298628,1.0,0.36479625,0.36277816,0.0,0.7003974,0.68558085,0.5265713,0.32729355,1.0,0.39686206,0.4116918,0.9937355,0.2610661,0.5813085,0.5075021,./image/P17/P17_1659035206912.png,1
0.016459567,0.0035671627,0.054682598,0.0813144,0.060127888,0.011022363,0.7728261,0.57591605,0.21385448,0.09996696,0.22396956,0.1334759,0.0,0.23464614,0.21516521,1.0,0.36346102,0.4631207,0.36020046,0.43503124,0.0,0.66729116,0.6376933,0.94912106,0.24601267,0.062396653,0.37145853,./image/P17/P17_1659315781437.png,1
0.006995987,0.0044562574,0.031166099,0.13388309,0.07169355,0.0025785847,0.74922645,0.55338764,0.37794822,0.16528316,0.41364378,0.30048943,0.0,0.27288744,0.0587225,1.0,0.3834159,0.60155874,0.3543639,0.4311976,1.0,0.67899674,0.2851944,0.98981196,0.23303849,0.11249116,0.14842664,./image/P17/P17_1658948666293.png,1
0.010441551,0.025912633,0.15406695,0.45013887,0.027159251,0.001807736,0.33047295,0.7053673,0.57374984,0.19344033,0.3072238,0.5646562,1.0,0.3721953,0.9105373,1.0,0.5477373,0.5308728,0.4591739,0.34673795,1.0,0.6120008,0.041103818,0.99886644,0.354713,0.33894473,0.774371,./image/P17/P17_1659071289963.png,1
0.006270523,0.0016085955,0.017917443,0.118200496,0.047812175,0.001568579,0.8066222,0.56984234,0.3308263,0.2090678,0.32425618,0.48102304,0.0,0.3872499,0.93279827,0.0,0.65515476,0.54030925,0.41931432,0.42605132,1.0,0.6223495,0.12841295,0.9825295,0.33542728,0.13299797,0.4004397,./image/P17/P17_1659138690960.png,1
0.005288371,0.0035683096,0.065198,0.14435296,0.05833383,0.0040314863,0.719227,0.47889948,0.273914,0.21357062,0.25369433,0.15983598,0.0,0.29039258,0.85582757,0.0,0.12864743,0.3670273,0.29321575,0.38201255,1.0,0.7037083,0.5902058,0.99468344,0.60603756,0.2377426,0.40757123,./image/P17/P17_1659663171763.png,1
0.009492615,0.00304278,0.047184356,0.23242089,0.06401365,0.0011956821,0.64264995,0.5698008,0.3110529,0.22206262,0.26047555,0.23009185,1.0,0.42832595,0.5600236,1.0,0.2849945,0.38002238,0.26248172,0.36290863,1.0,0.5105989,0.044074398,0.9997471,0.69401395,0.053740907,0.5191258,./image/P17/P17_1658940692166.png,1
0.009680712,0.0030357046,0.050052255,0.07776008,0.087676324,0.005272626,0.76652235,0.55396146,0.4141985,0.22617939,0.31193087,0.09329981,0.0,0.13165008,0.14345925,0.0,0.056522816,0.44995213,0.46999648,0.371603,1.0,0.8056653,0.8187187,0.13787028,0.63015044,0.79543257,0.120479465,./image/P17/P17_1659315740010.png,1
0.012779579,0.02200436,0.31376168,0.14083257,0.038979825,0.007033737,0.46460825,0.36878547,0.22218987,0.20360628,0.28548616,0.32755318,1.0,0.49476174,0.6292508,0.0,0.4860285,0.65560126,0.11463583,0.40645394,1.0,0.40995854,0.29130936,0.9881194,0.21685049,0.23597167,0.58062047,./image/P17/P17_1659017180710.png,1
0.021205543,0.01153004,0.13185316,0.33141613,0.04791249,0.004096789,0.4519858,0.66184354,0.36191058,0.39650017,0.22669521,0.38110933,1.0,0.33086756,0.8975307,1.0,0.34971327,0.42169353,0.6367542,0.42633384,1.0,0.68528265,0.08920605,0.9990338,0.7179057,0.13947673,0.7784345,./image/P17/P17_1659193640692.png,1
0.010456632,0.002129303,0.01086836,0.14655475,0.047483906,0.0015316886,0.7809754,0.53590965,0.35073692,0.23712659,0.32584307,0.5624783,1.0,0.35653648,0.96620095,1.0,0.8266493,0.5833319,0.39207876,0.36890092,1.0,0.54508835,0.21888302,0.99871767,0.21733384,0.19055875,0.8657966,./image/P17/P17_1659138520953.png,1
0.0050766547,0.0062057795,0.14454058,0.06823448,0.085109346,0.0030194826,0.68781364,0.40968475,0.18219255,0.14070617,0.2309092,0.13767597,0.0,0.26293853,0.38946897,0.0,0.093398705,0.4124351,0.5065205,0.33348304,0.0,0.6507116,0.5541982,0.9750118,0.3760851,0.1533773,0.34163833,./image/P17/P17_1659663462307.png,1
0.0081493035,0.0029818849,0.010189336,0.1749484,0.040632367,0.00088839704,0.7622103,0.51294035,0.31132522,0.25435522,0.31522417,0.6877783,1.0,0.38706335,0.8019006,1.0,0.8819493,0.6321773,0.46407384,0.40471363,1.0,0.54979396,0.18539222,0.9923649,0.24457048,0.33321398,0.8320777,./image/P17/P17_1659106902592.png,1
0.009999813,0.0076973294,0.2764832,0.51481503,0.01775208,0.0017313285,0.17152126,0.66518426,0.44367906,0.3375803,0.30190226,0.79140395,1.0,0.38757184,0.61699724,1.0,0.857168,0.64726037,0.55713785,0.29610848,1.0,0.34250692,0.06338803,0.9995764,0.4752073,0.10429136,0.918557,./image/P17/P17_1659126723496.png,1
0.008554262,0.008902174,0.11327767,0.22375472,0.048027057,0.0017783594,0.5957057,0.5135538,0.42867947,0.26054955,0.30772233,0.61251515,0.0,0.37376592,0.7868266,1.0,0.5934997,0.6630213,0.62091154,0.5248008,1.0,0.73729783,0.17285638,0.9985703,0.3056069,0.22936895,0.5859639,./image/P17/P17_1659071249792.png,1
0.014229713,0.004296276,0.09414182,0.13407016,0.06968608,0.003376,0.68019986,0.466724,0.24634899,0.14113437,0.3726221,0.1933652,1.0,0.22564857,0.09177129,1.0,0.40985215,0.6420462,0.4068862,0.4304636,0.0,0.6295788,0.1279145,0.9915159,0.22020507,0.0658581,0.19071017,./image/P17/P17_1659106957038.png,1
0.009438122,0.0054072854,0.03326728,0.27739897,0.040563356,0.0010210455,0.6329039,0.48768726,0.33998907,0.32931757,0.24612057,0.33232415,0.0,0.33960178,0.22601172,1.0,0.3313428,0.48239535,0.55409276,0.38833317,1.0,0.6815663,0.0747145,0.99315166,0.6530838,0.26206362,0.5065134,./image/P17/P17_1658940724445.png,1
0.014676719,0.004472559,0.053876918,0.3484274,0.03319205,0.00083729345,0.54451704,0.46951133,0.4479864,0.1754143,0.3529771,0.68530977,1.0,0.40340638,0.8635062,0.0,0.7092182,0.59966004,0.45947826,0.37340906,1.0,0.44210428,0.1118915,0.99824023,0.54597485,0.07003067,0.7181771,./image/P17/P17_1659283558616.png,1
0.0053651286,0.005604536,0.04766557,0.24151313,0.04527011,0.0011311118,0.65345037,0.6242096,0.39491758,0.117637,0.31312737,0.5208434,1.0,0.43094155,0.9519966,1.0,0.6332858,0.562015,0.51509494,0.4275228,1.0,0.73354155,0.06708789,0.9971443,0.48099673,0.11975696,0.62832266,./image/P17/P17_1659106939465.png,1
0.013509154,0.00408019,0.049253706,0.18401815,0.07391912,0.0013270151,0.6738927,0.48956367,0.13127497,0.19319434,0.24266285,0.41270682,1.0,0.3198296,0.9542154,1.0,0.38648346,0.48035386,0.67457867,0.4531336,1.0,0.48748246,0.05799821,0.9993162,0.549324,0.07612916,0.6347389,./image/P17/P17_1659193660613.png,1
0.006706661,0.012523164,0.10542328,0.43757644,0.019278705,0.0017135494,0.4167783,0.6439663,0.37144947,0.26774213,0.2943927,0.8310777,0.0,0.4554622,0.99956745,0.0,0.8584905,0.57457525,0.5714271,0.21974778,1.0,0.43375364,0.048444785,0.98693097,0.42499515,0.25193527,0.8634559,./image/P17/P17_1659126763742.png,1
0.0050615394,0.0061893915,0.037430163,0.27682433,0.06279471,0.0008460217,0.61085385,0.56392807,0.313252,0.36350164,0.23125054,0.6290639,1.0,0.47266772,0.7248331,1.0,0.5179462,0.5799114,0.4261812,0.46465325,1.0,0.73513,0.059919164,0.9997527,0.71752155,0.2751744,0.63220024,./image/P17/P17_1658948495171.png,1
0.036608916,0.0043423143,0.050002333,0.08758175,0.06388312,0.005305811,0.75227576,0.68688047,0.23369335,0.25089857,0.22552796,0.444868,1.0,0.53398013,0.33673304,0.0,0.5012604,0.5807406,0.67881095,0.4472816,1.0,0.48437747,0.09795821,0.99169284,0.58981025,0.20709753,0.48988286,./image/P17/P17_1658961031632.png,1
0.007262172,0.0023826612,0.046831723,0.20155394,0.044274755,0.0023043517,0.6953903,0.59359574,0.47548622,0.20567754,0.34155297,0.3487493,1.0,0.28105944,0.34777585,0.0,0.478679,0.4821283,0.51473546,0.32765418,1.0,0.43704265,0.31373808,0.9871093,0.29389054,0.13741907,0.49999487,./image/P17/P17_1659035175392.png,1
0.024161292,0.008546579,0.10622053,0.2923588,0.041077342,0.0025379397,0.52509755,0.7817126,0.6320758,0.22035643,0.30633682,0.47848132,0.0,0.3048299,0.2241445,1.0,0.48416233,0.3508153,0.6496694,0.3924833,1.0,0.71445477,0.2683768,0.98862606,0.6688521,0.29158965,0.6976486,./image/P17/P17_1659035143446.png,1
0.01615101,0.007383817,0.06166854,0.21682434,0.040817518,0.0021395765,0.6550152,0.5779216,0.28331965,0.20925009,0.23895334,0.4076275,1.0,0.4101295,0.26401225,1.0,0.4379704,0.5631639,0.5941196,0.3591226,1.0,0.6145453,0.09640335,0.9974481,0.6060314,0.04831142,0.6777377,./image/P17/P17_1658940704048.png,1
0.034938738,0.012129438,0.062213354,0.27371448,0.03318441,0.002064561,0.58175504,0.69959915,0.586682,0.12736022,0.32116508,0.4717384,0.0,0.3144937,0.024748478,1.0,0.34756884,0.46320462,0.30018133,0.53749526,1.0,0.36922514,0.3643725,0.96536094,0.2284382,0.3823417,0.56111914,./image/P17/P17_1659035185228.png,1
0.007800789,0.0018128128,0.01474903,0.08499907,0.083331905,0.0019963097,0.8053101,0.51384175,0.4209573,0.34603214,0.23453353,0.27564505,1.0,0.34474346,0.3849836,1.0,0.42590803,0.48175627,0.65158314,0.45269936,0.0,0.55682373,0.28005648,0.9971462,0.19562863,0.24639684,0.62976253,./image/P17/P17_1658948799967.png,1
0.0041742036,0.006218516,0.3572854,0.06617875,0.050169744,0.0059823333,0.509991,0.58834004,0.28809613,0.30709878,0.2773453,0.091283984,0.0,0.43831703,0.17712393,1.0,0.08276816,0.39156565,0.50817627,0.44498026,1.0,0.7068854,0.5244116,0.8580991,0.18357539,0.16098064,0.22601928,./image/P17/P17_1659663290999.png,1
0.00848606,0.006971426,0.18736343,0.114544615,0.050707523,0.005722036,0.62620497,0.51930004,0.35915247,0.4520611,0.25014436,0.052814536,0.0,0.22890764,0.41063577,0.0,0.041422844,0.38767228,0.72633487,0.27950507,0.0,0.7110999,0.5181119,0.5694765,0.34674245,0.44195685,0.58569837,./image/P17/P17_1659315737353.png,1
0.0137506835,0.0040475833,0.07171378,0.113124445,0.077414185,0.004566408,0.7153829,0.40029606,0.25754026,0.1979587,0.29619947,0.17074242,0.0,0.18429324,0.21305731,0.0,0.24591337,0.5911134,0.3104139,0.49900016,0.0,0.69127357,0.659124,0.90593123,0.4031479,0.04956908,0.07686907,./image/P17/P17_1659663324651.png,1
0.011661274,0.008136214,0.03303152,0.25015545,0.026280686,0.0013198031,0.6694151,0.65471315,0.41189155,0.28655526,0.23004888,0.43838355,1.0,0.35456395,0.18047298,1.0,0.53152794,0.5540236,0.37715244,0.33459097,1.0,0.45731995,0.118738055,0.93945754,0.5508387,0.05372832,0.5408991,./image/P17/P17_1659071277377.png,1
0.0049699843,0.019119002,0.1620103,0.4493271,0.035471503,0.0022382427,0.32686397,0.58925897,0.4744835,0.15198608,0.34732795,0.6691393,0.0,0.43939626,0.8957516,0.0,0.60561836,0.58153,0.53249025,0.30896813,1.0,0.48662063,0.15753359,0.99948186,0.46901253,0.15376069,0.5066818,./image/P17/P17_1659283547741.png,1
0.008409211,0.007213618,0.06119573,0.314941,0.025222499,0.002278894,0.5807391,0.58349997,0.4238539,0.27640432,0.23308708,0.6330535,0.0,0.40464774,0.7513424,1.0,0.46128917,0.53958184,0.5623027,0.43605745,1.0,0.75154716,0.057552364,0.9995919,0.51473725,0.18082216,0.7395335,./image/P17/P17_1659126736706.png,1
0.012136752,0.0040981974,0.016773773,0.20296784,0.06487036,0.0017365068,0.6974165,0.66009676,0.50131434,0.14421043,0.28914574,0.5439393,1.0,0.46812463,0.33853185,1.0,0.70253015,0.7047044,0.5364094,0.42112762,0.0,0.70058036,0.23589295,0.9664107,0.28530112,0.28074706,0.4104771,./image/P17/P17_1659138519658.png,1
0.02200301,0.0082972115,0.10583032,0.15083207,0.05669448,0.002633055,0.65370977,0.54517245,0.24082871,0.17171635,0.3526336,0.18482763,0.0,0.25470465,0.02162192,1.0,0.4803164,0.43425202,0.15469503,0.3569933,0.0,0.4617638,0.10443162,0.99870265,0.36525327,0.0314064,0.35219878,./image/P17/P17_1659663081011.png,1
0.010815247,0.009125077,0.3016835,0.09485614,0.06380824,0.007899476,0.5118124,0.50874376,0.20460702,0.29909846,0.2412762,0.15608099,1.0,0.2933062,0.13540901,0.0,0.24097285,0.38254794,0.7673999,0.4040499,0.0,0.80180496,0.29582748,0.9350385,0.86130935,0.14376222,0.7800414,./image/P17/P17_1659315745150.png,1
0.0059301294,0.0041092047,0.15534054,0.10443794,0.040218208,0.0048342277,0.6851298,0.5369289,0.2560747,0.29544353,0.24603233,0.4136198,1.0,0.45040822,0.37230402,1.0,0.4604631,0.6632039,0.46255648,0.5639848,1.0,0.8301314,0.50153863,0.93306166,0.22280994,0.14179203,0.49899328,./image/P17/P17_1658948490565.png,1
0.006618297,0.0016892896,0.015126986,0.14631268,0.05541115,0.0012753543,0.77356625,0.5206419,0.2922578,0.1847497,0.3075245,0.65354407,1.0,0.4536107,0.6577359,1.0,0.7463049,0.68042225,0.3936152,0.47597834,1.0,0.66931176,0.19872347,0.9987318,0.37516055,0.17021842,0.48765284,./image/P17/P17_1659071227626.png,1
0.04996245,0.008000434,0.06978532,0.22323626,0.042997867,0.0051859627,0.6008317,0.8236379,0.6458815,0.13146538,0.4329641,0.42428294,0.0,0.35519233,0.18070313,1.0,0.35131845,0.4325038,0.51211405,0.35569465,1.0,0.37595457,0.28525186,0.98630047,0.42959976,0.34847713,0.52013665,./image/P17/P17_1659035177198.png,1
0.0113486955,0.018873582,0.06575766,0.44766945,0.015753182,0.0024259023,0.43817157,0.6300056,0.43469208,0.25563195,0.23170467,0.7265904,1.0,0.46735764,0.9254872,0.0,0.6234669,0.6255695,0.61361116,0.3409572,1.0,0.48225328,0.04682932,0.9950977,0.5070806,0.050223198,0.51396686,./image/P17/P17_1658940372777.png,1
0.022181874,0.0071528214,0.06856721,0.19005977,0.047291435,0.0029231654,0.6618238,0.6090541,0.3869787,0.18387942,0.23114237,0.30107456,1.0,0.43004486,0.11943348,1.0,0.24892895,0.44168696,0.3922372,0.37150723,1.0,0.73749846,0.07656783,0.9984017,0.6346778,0.09326693,0.5446278,./image/P17/P17_1658940722829.png,1
0.008395984,0.0062983786,0.239996,0.13703807,0.06419583,0.0063697966,0.5377059,0.604283,0.59792435,0.2421828,0.2587926,0.2761322,0.0,0.26138934,0.12295184,1.0,0.50128007,0.5989292,0.39899033,0.40398404,1.0,0.7459926,0.26674733,0.96609926,0.41579303,0.11185238,0.40230393,./image/P17/P17_1659138544164.png,1
0.012481652,0.0033034254,0.040001024,0.19361849,0.05069315,0.0022991179,0.6976033,0.59233356,0.5302471,0.1625631,0.23275031,0.41288802,0.0,0.34047422,0.6863592,1.0,0.536025,0.7357735,0.41920698,0.452212,1.0,0.6582827,0.4928035,0.9300942,0.59735894,0.11336965,0.4158788,./image/P17/P17_1659138565418.png,1
0.01926625,0.011562117,0.13988216,0.3968,0.038907528,0.0068498934,0.38673207,0.684881,0.46075794,0.14521584,0.36943823,0.5603109,0.0,0.31711358,0.8163258,0.0,0.40098,0.3744346,0.3829513,0.32705867,1.0,0.1883411,0.047777582,0.99534744,0.45934469,0.1992358,0.5465351,./image/P17/P17_1659126786285.png,1
0.0089288065,0.0048541077,0.048997745,0.21240117,0.03528851,0.0013862362,0.6881435,0.48212507,0.34284717,0.3158214,0.22777827,0.34922162,1.0,0.42536613,0.05068555,1.0,0.2952742,0.54643303,0.42542213,0.37207767,1.0,0.5922456,0.06975248,0.9842449,0.4558591,0.15158728,0.5710401,./image/P17/P17_1658948491771.png,1
0.00844028,0.009097465,0.06385392,0.3489069,0.041273266,0.0012940702,0.5271341,0.48500845,0.3024468,0.15188938,0.23331621,0.3525252,1.0,0.437407,0.44238132,1.0,0.43203107,0.5062357,0.6669811,0.42500097,1.0,0.6366528,0.07192528,0.9987423,0.33721775,0.14949246,0.7727743,./image/P17/P17_1658940717864.png,1
0.0043202653,0.003922651,0.12115115,0.21593104,0.044051662,0.001833036,0.60879016,0.66432446,0.21174231,0.35667318,0.230615,0.34954077,1.0,0.464873,0.95499325,1.0,0.17995617,0.3732824,0.6508017,0.4793917,1.0,0.6476156,0.20389308,0.9992957,0.616006,0.10578999,0.9290499,./image/P17/P17_1659193621845.png,1
0.029101387,0.0070498367,0.04519935,0.18438211,0.08840655,0.004151056,0.6417098,0.40178397,0.24706891,0.32439736,0.31358606,0.19288951,1.0,0.19206725,0.2421834,1.0,0.3112314,0.44862077,0.078865126,0.37824044,0.0,0.3293308,0.6799894,0.63233757,0.10015107,0.33906162,0.06173141,./image/P17/P17_1659017211580.png,1
0.010248501,0.0051865797,0.12658644,0.26154384,0.038741343,0.0023065263,0.5553867,0.5882225,0.35341126,0.243558,0.2639745,0.6320362,1.0,0.45775127,0.6876262,1.0,0.7275838,0.6454589,0.6738212,0.3932776,1.0,0.5183096,0.40089318,0.99876225,0.48599836,0.27048755,0.67813987,./image/P17/P17_1659283602830.png,1
0.010541117,0.008345006,0.50793916,0.05423849,0.05401137,0.014447991,0.35047683,0.5039276,0.332719,0.17789157,0.24570318,0.16592851,0.0,0.26234883,0.19726816,0.0,0.18875808,0.39729598,0.0669493,0.4487,0.0,0.46583802,0.37240794,0.8275098,0.14035513,0.13229519,0.6195592,./image/P17/P17_1659138984656.png,1
0.016456433,0.00513949,0.02650668,0.22928421,0.03873574,0.0022386713,0.68163884,0.6353275,0.67791164,0.14204483,0.3058936,0.39006627,1.0,0.38053027,0.4232141,1.0,0.54740816,0.54846966,0.33469102,0.45943558,1.0,0.77159834,0.112546556,0.990245,0.4254823,0.049494598,0.38237128,./image/P17/P17_1659197841247.png,1
0.05824434,0.009854005,0.03152689,0.22377007,0.0594858,0.004804229,0.61231464,0.6791709,0.5833559,0.17283048,0.34608382,0.24959493,1.0,0.2711179,0.10339521,0.0,0.18155062,0.39607856,0.26069665,0.35887656,0.0,0.3300939,0.30309296,0.8036615,0.21937872,0.09961545,0.16929427,./image/P17/P17_1659035114760.png,1
0.01960031,0.0036762815,0.06892907,0.054455526,0.06073051,0.0064965985,0.7861118,0.42945865,0.19852564,0.44789827,0.24125056,0.31670353,1.0,0.42585397,0.40318686,0.0,0.36675173,0.62416244,0.28071934,0.5573092,0.0,0.48785648,0.26290983,0.95750725,0.21303925,0.1553559,0.52001876,./image/P17/P17_1659017100265.png,1
0.007997838,0.0059360284,0.12073313,0.18866591,0.04710706,0.0035535744,0.6260065,0.41916186,0.26220354,0.29340324,0.22871916,0.3803941,1.0,0.3102359,0.66570437,0.0,0.5423601,0.5644704,0.29918575,0.3766086,1.0,0.57812226,0.09945193,0.99989974,0.41096857,0.036455054,0.60612535,./image/P17/P17_1659663649055.png,1
0.0122562945,0.003679179,0.046156112,0.13779293,0.03692539,0.0025389856,0.7606512,0.7568483,0.6621247,0.17041591,0.4948782,0.4035383,1.0,0.22713515,0.39047563,1.0,0.5166863,0.601579,0.6148448,0.32445744,1.0,0.36047667,0.18668729,0.99521154,0.13429545,0.16962661,0.23889825,./image/P17/P17_1658948266010.png,1
0.01692627,0.013840307,0.119483136,0.25204566,0.051293965,0.0021841042,0.5442266,0.5179946,0.2525238,0.5021702,0.23342408,0.4093909,1.0,0.4266271,0.9342909,0.0,0.27339235,0.4179038,0.68647265,0.43597695,1.0,0.66510147,0.059750073,0.9991648,0.6793904,0.13017182,0.91006404,./image/P17/P17_1659193662072.png,1
0.006767681,0.0033963441,0.008260468,0.22632489,0.036249675,0.00085481646,0.7181461,0.6727905,0.4847567,0.33438084,0.3140921,0.6541497,1.0,0.42375654,0.7751145,1.0,0.6407561,0.57376796,0.5150687,0.4239832,1.0,0.70835215,0.15596595,0.9970675,0.36376724,0.29363772,0.44206798,./image/P17/P17_1659071245575.png,1
0.007390723,0.0021468985,0.13282466,0.075090796,0.07646443,0.0049718986,0.70111066,0.4702141,0.26305097,0.3657308,0.32458693,0.0761652,1.0,0.20466517,0.13732131,0.0,0.080398105,0.45519626,0.4982464,0.30371648,0.0,0.6504986,0.4505451,0.99091876,0.13498992,0.22772452,0.06735593,./image/P17/P17_1659663249089.png,1
0.0075725922,0.0042555896,0.1531949,0.22310518,0.03633782,0.0029161314,0.5726178,0.6693806,0.4795563,0.1738619,0.26530153,0.77069044,1.0,0.52118105,0.7710839,1.0,0.7826513,0.73200583,0.670588,0.35717896,1.0,0.5085583,0.1597092,0.9946002,0.4982709,0.1495452,0.61966014,./image/P17/P17_1659283592915.png,1
0.025766794,0.011105322,0.25442168,0.29588258,0.0338724,0.0053092926,0.373642,0.6766936,0.58944577,0.30971906,0.27297387,0.85800457,0.0,0.37273416,0.84331554,0.0,0.7634711,0.7968678,0.24100503,0.3297037,1.0,0.41137728,0.051589582,0.9979023,0.44520953,0.25867403,0.8192872,./image/P17/P17_1659126750328.png,1
0.015267831,0.01298592,0.22000599,0.3439802,0.03635892,0.0051593226,0.36624175,0.7448449,0.5055108,0.18047552,0.4248364,0.70273,0.0,0.25140318,0.8364048,0.0,0.7671347,0.59241325,0.67780215,0.28272828,1.0,0.53880364,0.12211718,0.99457836,0.32769886,0.16092741,0.46924445,./image/P17/P17_1659035135646.png,1
0.020797063,0.011307301,0.022732005,0.24946053,0.037012596,0.001981455,0.656709,0.49960774,0.29018578,0.36213613,0.31689262,0.5721922,0.0,0.4168181,0.6856807,0.0,0.8187928,0.53258604,0.41142413,0.44247615,0.0,0.5986153,0.16556692,0.9965481,0.21237352,0.20241158,0.17628595,./image/P17/P17_1659138715874.png,1
0.017409796,0.0075790444,0.026082145,0.23274897,0.051758293,0.0024535186,0.66196823,0.6122632,0.4581266,0.30780357,0.31392366,0.38504806,0.0,0.34140578,0.6401121,0.0,0.71297675,0.56134075,0.17953233,0.36998665,1.0,0.5977695,0.20706294,0.99829096,0.24744111,0.09517207,0.7837497,./image/P17/P17_1659138713794.png,1
0.005394534,0.000880956,0.03485674,0.06357222,0.091246806,0.0053738845,0.7986748,0.6058634,0.21187557,0.46086812,0.3287571,0.16949849,0.0,0.20492396,0.006392154,1.0,0.336122,0.48004237,0.54398465,0.39716238,0.0,0.7425727,0.68080854,0.29624242,0.2072244,0.25768542,0.08960372,./image/P17/P17_1658940414724.png,1
0.014342784,0.0054090167,0.01965242,0.28449547,0.05828658,0.0040108575,0.61380285,0.5700014,0.48884872,0.16326007,0.4456115,0.6916376,1.0,0.3601088,0.55461943,0.0,0.7135188,0.54575104,0.4881246,0.4552688,1.0,0.36793822,0.11209072,0.99748284,0.5381931,0.16303866,0.24606593,./image/P17/P17_1659193591242.png,1
0.028309224,0.002363296,0.013728452,0.105733916,0.09227225,0.0019966522,0.7555962,0.4629997,0.25517657,0.23723814,0.3107161,0.20267406,1.0,0.19970195,0.0392326,0.0,0.35576662,0.4757639,0.19722378,0.39683014,0.0,0.4904538,0.7279372,0.5006977,0.12529975,0.13969374,0.06132032,./image/P17/P17_1659017128517.png,1
0.027892426,0.004842205,0.02054161,0.244354,0.050496962,0.0016544317,0.6502184,0.57821053,0.3380956,0.3058304,0.3230461,0.78753465,0.0,0.41166824,0.8129963,1.0,0.72682405,0.6608434,0.3448845,0.47442225,1.0,0.5819288,0.11382405,0.99708873,0.27566805,0.049386516,0.46007967,./image/P17/P17_1659126710270.png,1
0.021208825,0.0024912565,0.010673751,0.15120271,0.055102117,0.0016145898,0.75770676,0.5574855,0.26014307,0.29861674,0.2359309,0.6920459,1.0,0.46227455,0.7642489,0.0,0.6947643,0.60304797,0.6877011,0.49071363,1.0,0.67077464,0.12394167,0.99138695,0.40935943,0.122671805,0.5501673,./image/P17/P17_1659139036046.png,1
0.012292531,0.009304772,0.057105165,0.3079356,0.03238238,0.0018617054,0.5791179,0.6366954,0.35132876,0.28118506,0.23551534,0.3675134,1.0,0.41355595,0.16403773,1.0,0.29189956,0.54909784,0.36553773,0.4386465,1.0,0.7523656,0.095009975,0.9988405,0.59294087,0.15377587,0.68111926,./image/P17/P17_1658940707498.png,1
0.010047735,0.010739434,0.22785965,0.09469591,0.068365544,0.011348837,0.57694286,0.5619527,0.30628112,0.13691399,0.42013574,0.36859143,1.0,0.2750409,0.04932482,0.0,0.6456871,0.6508706,0.31583652,0.46695834,1.0,0.5781814,0.4362589,0.9819526,0.1026173,0.13337131,0.3570078,./image/P17/P17_1659017166066.png,1
0.016186737,0.006225354,0.0759511,0.23557264,0.052039456,0.0024691187,0.61155564,0.50755554,0.33383667,0.089798816,0.31953502,0.46303055,1.0,0.38437867,0.59872687,1.0,0.6679426,0.51911604,0.46993423,0.41918173,0.0,0.69472486,0.08843006,0.9960989,0.18292867,0.11840757,0.36963436,./image/P17/P17_1659106924439.png,1
0.009636063,0.005250609,0.13935424,0.20318677,0.043186758,0.003969673,0.59541583,0.48141775,0.29829735,0.20412892,0.23507836,0.29606992,1.0,0.4697984,0.24761811,1.0,0.4336417,0.7036869,0.3168459,0.41610703,1.0,0.7426636,0.169904,0.9977556,0.47414738,0.13966823,0.5906557,./image/P17/P17_1658948519517.png,1
0.011709193,0.0037088494,0.08637457,0.20183776,0.03307222,0.010103056,0.6531944,0.7201505,0.4813457,0.1311014,0.4578006,0.11615811,0.0,0.1237621,0.5079345,0.0,0.12043771,0.44076723,0.62647,0.3309913,0.0,0.75923413,0.21759014,0.831778,0.24572583,0.26622772,0.11680107,./image/P17/P17_1659315708327.png,1
0.0052452004,0.0041937255,0.22623116,0.15364194,0.03806754,0.0052975784,0.5673229,0.5773181,0.58515286,0.21303464,0.23042893,0.5160247,0.0,0.36209098,0.80711734,0.0,0.547957,0.59097576,0.3013035,0.48331353,1.0,0.44809508,0.09925675,0.97715795,0.44147065,0.028156491,0.3736829,./image/P17/P17_1659071235611.png,1
0.022569204,0.004917855,0.060393326,0.17708896,0.055186447,0.0040342985,0.6758099,0.73406345,0.6555201,0.13427272,0.48506224,0.44742966,0.0,0.16537885,0.032574654,1.0,0.5923603,0.44258937,0.39183438,0.36605528,1.0,0.3498705,0.24106698,0.96392983,0.42636272,0.3775688,0.27226073,./image/P17/P17_1659035115253.png,1
0.00396502,0.00548024,0.26951358,0.16639835,0.033683635,0.0023933249,0.5185659,0.6336975,0.27224857,0.39355373,0.23935233,0.32329002,1.0,0.43150884,0.24275476,1.0,0.22954269,0.4034864,0.53249115,0.3874695,1.0,0.6457837,0.19967951,0.99208474,0.52416945,0.06852014,0.69852656,./image/P17/P17_1659193611894.png,1
0.01597336,0.0017381432,0.1901707,0.048289567,0.111631684,0.0131353,0.61906123,0.5440348,0.25085247,0.18179214,0.24211693,0.09181486,0.0,0.3044727,0.17585483,1.0,0.06570974,0.38946468,0.5397816,0.43446532,1.0,0.6743273,0.31353757,0.8938972,0.33880767,0.22703849,0.57445276,./image/P17/P17_1659235285935.png,1
0.011203339,0.0035413485,0.03680714,0.122700974,0.06693049,0.0027993275,0.75601745,0.44587117,0.2291097,0.27314597,0.24751447,0.28881738,0.0,0.4154064,0.18812314,1.0,0.3770962,0.54106677,0.3055793,0.43836603,1.0,0.5926008,0.19028884,0.97044116,0.15109187,0.08148574,0.3774765,./image/P17/P17_1658948644254.png,1
0.0057131746,0.007316714,0.19700746,0.096989416,0.038517408,0.005721348,0.64873457,0.59822774,0.27052087,0.2964888,0.24622771,0.19241618,1.0,0.21965328,0.24462545,1.0,0.1984843,0.49341306,0.38905898,0.47424328,1.0,0.54464704,0.70694184,0.43244746,0.06739193,0.17802936,0.44023356,./image/P17/P17_1659315780450.png,1
0.014845423,0.009586571,0.48906717,0.10203935,0.037335906,0.0074194986,0.3397061,0.55692774,0.34771866,0.13718213,0.25014657,0.14274186,1.0,0.20898238,0.28352293,0.0,0.23169176,0.21841441,0.34228244,0.48878032,0.0,0.6704467,0.2794098,0.95743686,0.29394504,0.123719506,0.28595933,./image/P17/P17_1659138432740.png,1
0.012816637,0.008626292,0.057286225,0.28586584,0.014566603,0.0007057609,0.62013274,0.52569044,0.26689082,0.32784557,0.24537565,0.3837559,0.0,0.32609877,0.95723003,0.0,0.4755836,0.462745,0.803063,0.37302193,1.0,0.70892733,0.106889226,0.996509,0.2541398,0.3121215,0.3495959,./image/P17/P17_1658940373455.png,1
0.003504887,0.0024504731,0.08936831,0.16133194,0.043081403,0.0023758286,0.6978871,0.5882711,0.18251108,0.31424344,0.23649926,0.114638135,0.0,0.45288444,0.2298933,1.0,0.04948173,0.2699741,0.4896592,0.4024347,0.0,0.6443984,0.15399872,0.9927307,0.62051606,0.15903628,0.85616326,./image/P17/P17_1659193622307.png,1
0.0067195315,0.0036650572,0.16728984,0.1586642,0.03942825,0.0029010181,0.62133217,0.42481664,0.14675707,0.31451946,0.22710831,0.6419337,0.0,0.4506409,0.9202578,1.0,0.8893851,0.5365058,0.40632665,0.32227284,1.0,0.4952707,0.07925545,0.9990754,0.36770433,0.18868238,0.7203993,./image/P17/P17_1658948619836.png,1
0.016774546,0.011238519,0.16688283,0.089944564,0.04613738,0.0065290197,0.6624931,0.54561985,0.22862862,0.28348294,0.24426587,0.1286046,0.0,0.280104,0.123755746,0.0,0.09871782,0.3777372,0.22314057,0.5312923,0.0,0.6830122,0.7107691,0.41190183,0.12684615,0.07996977,0.7591049,./image/P17/P17_1659017197971.png,1
0.0130401775,0.008422092,0.105297536,0.2220864,0.026884675,0.0025652281,0.6217039,0.5373519,0.47939783,0.23746127,0.38952652,0.6853028,1.0,0.35613123,0.40046963,0.0,0.7732529,0.4238394,0.48754594,0.30854404,1.0,0.44249594,0.05734879,0.99770385,0.37442812,0.074702844,0.9324579,./image/P17/P17_1659126767641.png,1
0.021862727,0.0061808596,0.043836713,0.3322654,0.02511175,0.0015288971,0.5692136,0.71879303,0.6195482,0.122702956,0.3644743,0.75206834,1.0,0.3968661,0.8202436,1.0,0.6123599,0.6691938,0.36206418,0.3078041,1.0,0.513209,0.050257728,0.99355525,0.3245155,0.23795995,0.5954888,./image/P17/P17_1659071259397.png,1
0.02066503,0.0042395773,0.040004335,0.11660362,0.045362692,0.0023887446,0.770736,0.5248302,0.4387355,0.12633306,0.3006975,0.54796064,0.0,0.32085657,0.5844437,0.0,0.6027704,0.37587428,0.35608348,0.41883433,1.0,0.32667083,0.15105233,0.99514455,0.24265729,0.26906872,0.85465515,./image/P17/P17_1658948268345.png,1
0.013748238,0.003722097,0.013447427,0.24816625,0.053455006,0.0012896829,0.6661713,0.61056083,0.4840272,0.24086125,0.22780576,0.609661,0.0,0.3712798,0.39717746,1.0,0.6249374,0.5530259,0.41616154,0.43729225,1.0,0.74478614,0.09117173,0.9964922,0.4617761,0.16928051,0.6698988,./image/P17/P17_1659071242592.png,1
0.019783283,0.01163066,0.09884735,0.38845617,0.030916503,0.0020137292,0.4483523,0.5524662,0.37664178,0.3770102,0.24789956,0.8211674,1.0,0.4188461,0.9130877,0.0,0.5909437,0.57681185,0.80631983,0.3224041,1.0,0.52502596,0.031528335,0.98391896,0.660689,0.10777992,0.46108592,./image/P17/P17_1659209843725.png,1
0.010408185,0.0054609207,0.047915075,0.2114449,0.02963888,0.0013413258,0.69379073,0.5835176,0.35254315,0.25323194,0.23224413,0.65260786,1.0,0.39192867,0.2013125,1.0,0.5923654,0.57043993,0.59706426,0.44496617,1.0,0.6840521,0.10681714,0.9800908,0.5378215,0.07787191,0.7444664,./image/P17/P17_1659126736193.png,1
0.05404182,0.009505661,0.091704056,0.270272,0.03927573,0.0041838516,0.5310169,0.77359575,0.5704676,0.15653542,0.37879646,0.5204819,0.0,0.30371153,0.20593563,0.0,0.44506735,0.4487527,0.476456,0.33791023,1.0,0.2100401,0.24812894,0.9875202,0.42208898,0.44112948,0.8812899,./image/P17/P17_1658948529006.png,1
0.009974911,0.0071735126,0.06542962,0.34330404,0.026499977,0.0019808102,0.54563713,0.5900631,0.464355,0.12909809,0.47639853,0.5467004,0.0,0.22419022,0.83579594,0.0,0.58599985,0.701573,0.53579205,0.51976836,1.0,0.8215733,0.14212856,0.9906211,0.68437546,0.2572225,0.14611064,./image/P17/P17_1659663250217.png,1
0.006689219,0.010711879,0.3364039,0.10018695,0.05598454,0.0082076015,0.48181581,0.4519763,0.2657959,0.2198021,0.24733016,0.267475,1.0,0.39826664,0.4876647,0.0,0.28357208,0.47459033,0.10441227,0.44708568,0.0,0.49115297,0.46301225,0.9575173,0.30672,0.03867831,0.49400273,./image/P17/P17_1659017061372.png,1
0.007923311,0.0036405886,0.043670382,0.19017996,0.04326246,0.0013651511,0.70995826,0.5654071,0.4698569,0.22134063,0.30933446,0.30746803,1.0,0.35364857,0.19852686,1.0,0.401923,0.56199616,0.62938297,0.4091221,0.0,0.7344198,0.19057308,0.9705255,0.17970675,0.2580164,0.49774513,./image/P17/P17_1659106988782.png,1
0.005709104,0.018609593,0.13670857,0.48060167,0.03132663,0.0011879717,0.32585648,0.61603653,0.44188142,0.161077,0.2828388,0.77758723,1.0,0.31859776,0.9763313,0.0,0.89198864,0.57789195,0.49543977,0.24830933,1.0,0.24677196,0.052164897,0.99983275,0.50271916,0.12249382,0.9569418,./image/P17/P17_1659126726729.png,1
0.009797865,0.010035927,0.091133736,0.121921726,0.08376649,0.003366008,0.67997825,0.55063725,0.22283648,0.45647,0.31382522,0.16157258,0.0,0.1828078,0.03791725,0.0,0.33136657,0.48493144,0.09680485,0.36295,1.0,0.5847142,0.66105944,0.6206976,0.1537225,0.19854097,0.16344972,./image/P17/P17_1658948552531.png,1
0.032260112,0.0076639787,0.049998086,0.1770283,0.04464693,0.0027163455,0.68568623,0.68963766,0.57159615,0.21018685,0.4381571,0.52827966,1.0,0.39786765,0.01972211,0.0,0.43371785,0.5577772,0.5433663,0.50958216,1.0,0.46492746,0.48693407,0.8130035,0.38080603,0.46258494,0.546727,./image/P17/P17_1659126742116.png,1
0.010652329,0.0047639296,0.13190621,0.10637685,0.07614321,0.0067127775,0.6634448,0.5507007,0.2778834,0.22481157,0.24511649,0.25229988,0.0,0.35929862,0.4883511,0.0,0.17567149,0.5735889,0.40026882,0.604967,1.0,0.70437604,0.36361662,0.9852653,0.6265974,0.10373694,0.2330983,./image/P17/P17_1659138540171.png,1
0.00734817,0.003868493,0.03948784,0.2803098,0.047108635,0.0010642231,0.6208128,0.53533393,0.31681406,0.3991894,0.23087834,0.2952595,1.0,0.44837892,0.18178663,0.0,0.26313275,0.4365552,0.1644586,0.37371644,1.0,0.6039783,0.082405575,0.99855536,0.54290617,0.24011457,0.63859695,./image/P17/P17_1658948520827.png,1
0.007754991,0.0010435918,0.027138503,0.06667027,0.13942017,0.0073422706,0.7506302,0.66485983,0.2884662,0.21484333,0.37175262,0.3704989,1.0,0.14529923,0.7950369,1.0,0.38473105,0.62488,0.51390517,0.4818887,1.0,0.42139482,0.16072227,0.9378283,0.12645718,0.109918654,0.051710792,./image/P17/P17_1659029555117.png,1
0.0021483542,0.0019830675,0.20487535,0.28369102,0.025714057,0.0017176411,0.4798706,0.692602,0.49402404,0.32917306,0.33522868,0.7668864,1.0,0.4036,0.9306947,1.0,0.9506514,0.6004809,0.36327064,0.24257095,1.0,0.3048864,0.048279688,0.999954,0.58074933,0.085690655,0.84737945,./image/P17/P17_1659126765335.png,1
0.006689665,0.003939719,0.1504545,0.22584267,0.026390607,0.0010751161,0.5856077,0.6461218,0.49801457,0.1703288,0.25701883,0.7639737,1.0,0.48324314,0.81623065,1.0,0.7501009,0.7138978,0.53603953,0.40061465,1.0,0.5843163,0.14050214,0.9922809,0.53654355,0.110187285,0.6575114,./image/P17/P17_1659283588499.png,1
0.0027510012,0.0034549953,0.12058628,0.09958875,0.061688296,0.0034485743,0.7084821,0.3941149,0.18824355,0.45696923,0.30136278,0.23269148,1.0,0.50477177,0.96236044,1.0,0.30271694,0.65617764,0.10640084,0.33813226,1.0,0.35113236,0.391243,0.9230528,0.12567256,0.30258247,0.52012473,./image/P17/P17_1659703798542.png,1
0.020850433,0.0036010207,0.023755673,0.23069045,0.043990426,0.0009656131,0.6761464,0.53202873,0.34805447,0.18774833,0.31711105,0.5529816,1.0,0.45367613,0.84849083,0.0,0.5996764,0.5628636,0.44329247,0.49072707,1.0,0.55977684,0.102137744,0.9938397,0.71660507,0.037473414,0.61703765,./image/P17/P17_1658940706567.png,1
0.009527908,0.0032287799,0.012555316,0.18623455,0.027921379,0.0010248477,0.75950724,0.5636549,0.25853166,0.27152333,0.23018616,0.38379952,0.0,0.38501054,0.4924645,0.0,0.46217972,0.6630086,0.4025243,0.4809173,0.0,0.6166763,0.20672561,0.98878646,0.14428529,0.12622118,0.41162226,./image/P17/P17_1659139046454.png,1
0.015826812,0.008275408,0.056027904,0.3009157,0.02074615,0.0014432244,0.59676486,0.54929227,0.13773139,0.31004286,0.23884113,0.8295594,1.0,0.49537215,0.9873718,1.0,0.6437843,0.53788966,0.7531932,0.33600235,1.0,0.39439046,0.11429735,0.99777883,0.6074621,0.13945313,0.85909253,./image/P17/P17_1659209822514.png,1
0.009356,0.004476263,0.054808702,0.16607581,0.038489703,0.0017090089,0.7250845,0.41209838,0.2645236,0.1365487,0.27755827,0.6517553,1.0,0.35602885,0.5972169,0.0,0.8628201,0.61320376,0.5798835,0.49315655,1.0,0.61516553,0.07465444,0.98443353,0.19330874,0.22343838,0.7949441,./image/P17/P17_1659663266563.png,1
0.0056916913,0.0137471985,0.1806543,0.40871656,0.029786395,0.0016055867,0.35979828,0.603013,0.4156355,0.17011458,0.26195145,0.7952166,1.0,0.3688538,0.6387428,1.0,0.8694769,0.5614141,0.5666955,0.31722936,1.0,0.5061722,0.061548937,0.9982468,0.7049355,0.17026973,0.3983671,./image/P17/P17_1659283622361.png,1
0.014358801,0.0036693504,0.057476357,0.17516017,0.065670304,0.0013535654,0.6823114,0.5819914,0.3811688,0.25136936,0.33855686,0.2628706,1.0,0.31355083,0.076229945,1.0,0.52402097,0.54060084,0.43952653,0.34028977,1.0,0.627967,0.09532717,0.9979031,0.40903413,0.16277604,0.603895,./image/P17/P17_1659138509395.png,1
0.012360099,0.008057927,0.061644565,0.16615325,0.08791331,0.0027644855,0.6611064,0.4769439,0.22800508,0.33154726,0.3233938,0.1435722,0.0,0.19271548,0.71661705,1.0,0.36013892,0.41737732,0.6041616,0.42185435,0.0,0.57368296,0.28682816,0.9895778,0.2466511,0.08952926,0.30443525,./image/P17/P17_1658954569316.png,1
0.013500378,0.006314288,0.10671255,0.24589564,0.035789914,0.0019463755,0.5898409,0.5585861,0.4231416,0.19324861,0.35664,0.6630407,0.0,0.30372795,0.42341974,0.0,0.6543249,0.5366307,0.17763138,0.41329765,1.0,0.4454541,0.23014009,0.9922376,0.30705568,0.16577743,0.34209454,./image/P17/P17_1659283560326.png,1
0.015563016,0.0050903605,0.07565554,0.227083,0.03959601,0.0019052951,0.63510686,0.68064755,0.44201064,0.19562593,0.25627834,0.778529,1.0,0.40362477,0.31578544,1.0,0.7762071,0.7655442,0.7405159,0.40413994,1.0,0.5381531,0.18295276,0.99784327,0.6330225,0.33006683,0.73136055,./image/P17/P17_1659283605285.png,1
0.010967602,0.0096112555,0.123860024,0.32389393,0.028621867,0.0014600576,0.5015853,0.58751166,0.35618827,0.45442045,0.26749676,0.6999893,1.0,0.40758842,0.82343936,0.0,0.7481629,0.61411005,0.63013005,0.3459264,1.0,0.6098894,0.10847852,0.9975936,0.5418744,0.0999639,0.63457125,./image/P17/P17_1659283609378.png,1
0.013776951,0.0046635154,0.058450997,0.17702553,0.04820664,0.0022301942,0.69564617,0.7618077,0.6344165,0.27605477,0.26633662,0.6190126,1.0,0.39940068,0.30097744,0.0,0.6039772,0.45513293,0.6115774,0.44253153,1.0,0.44915175,0.109425135,0.9993736,0.31066722,0.20393689,0.6590061,./image/P17/P17_1659197839086.png,1
0.015508663,0.0025895515,0.15505052,0.14772673,0.055540487,0.005960318,0.61762375,0.5947315,0.5619346,0.17621672,0.31984505,0.32366776,0.0,0.38555217,0.4362827,0.0,0.24124026,0.42239937,0.5507953,0.35342926,1.0,0.6547283,0.02450392,0.9994961,0.39655894,0.15272428,0.58079404,./image/P17/P17_1658948617228.png,1
0.0074353116,0.0036043155,0.09144466,0.18999659,0.038153727,0.0020859889,0.66727936,0.5226712,0.48547322,0.12621997,0.27051246,0.6235541,1.0,0.44507957,0.9271085,0.0,0.6464421,0.54572207,0.5026539,0.29507735,1.0,0.47488663,0.114183344,0.9810526,0.4964502,0.05944377,0.579999,./image/P17/P17_1659283594564.png,1
0.0107105775,0.0017870832,0.032815214,0.16123165,0.06608344,0.0016327304,0.7257393,0.6998308,0.37305132,0.21656054,0.36856002,0.45900127,0.0,0.33923772,0.20139872,1.0,0.55144596,0.5196264,0.45969057,0.3458074,1.0,0.6875867,0.31749868,0.9922465,0.44504228,0.22574966,0.48622194,./image/P17/P17_1658940799622.png,1
0.006235103,0.0067392443,0.068934046,0.2559746,0.021252148,0.0011676791,0.6396972,0.6546819,0.40980425,0.2887657,0.3141165,0.6139036,0.0,0.35576126,0.24472742,1.0,0.4692752,0.48054132,0.32513517,0.3870527,1.0,0.63047045,0.07599891,0.99282926,0.6789988,0.25725412,0.48602936,./image/P17/P17_1659126780958.png,1
0.041305017,0.015548653,0.09874229,0.33869922,0.034098025,0.0029214232,0.4686854,0.7752829,0.45619288,0.22038023,0.29882333,0.26707715,1.0,0.31052095,0.4097998,1.0,0.2762673,0.3683804,0.6342914,0.4426433,1.0,0.76684695,0.492846,0.98985356,0.43888828,0.6995891,0.7358872,./image/P17/P17_1659035110057.png,1
0.033830527,0.0070155123,0.04025332,0.18028043,0.040119745,0.001718006,0.6967825,0.60093576,0.5566361,0.3158154,0.44324625,0.5245032,0.0,0.39960313,0.7289363,1.0,0.62860733,0.6055572,0.8249185,0.41083732,1.0,0.619923,0.42999104,0.96142435,0.19370344,0.17124471,0.37205642,./image/P17/P17_1658947822834.png,1
0.009984958,0.0020890664,0.020137927,0.12929316,0.07538034,0.0032410866,0.75987357,0.536168,0.40015978,0.16109124,0.3208039,0.19725345,0.0,0.3366719,0.16914369,1.0,0.30929238,0.47774,0.34864834,0.40390128,0.0,0.58038896,0.35944197,0.9942768,0.16078544,0.25736773,0.4209479,./image/P17/P17_1659283544411.png,1
0.009899913,0.0025525615,0.12071075,0.09487352,0.08595504,0.007903233,0.678105,0.7444721,0.54441535,0.10319036,0.4538148,0.12808697,1.0,0.19683625,0.12152022,1.0,0.2937381,0.3479018,0.2949945,0.3617843,1.0,0.63102067,0.16923915,0.97206503,0.42436776,0.19013534,0.24566042,./image/P17/P17_1658940757460.png,1
0.01231354,0.0019824265,0.035931967,0.090273574,0.064333275,0.0039191395,0.79124606,0.55908036,0.4388576,0.28727332,0.2560811,0.33756348,0.0,0.3848217,0.1437352,0.0,0.3736572,0.5712109,0.22294818,0.5659333,1.0,0.49473348,0.28809798,0.99097896,0.25246778,0.1661733,0.18388067,./image/P17/P17_1658988879873.png,1
0.005557773,0.0031120956,0.1353594,0.14080894,0.056000657,0.0045163464,0.6546447,0.5097959,0.2488383,0.27390438,0.23418911,0.27578664,1.0,0.44566202,0.5660984,1.0,0.3053503,0.6306022,0.47789928,0.5046172,0.0,0.68503207,0.70408034,0.6759555,0.04909653,0.12890884,0.45928058,./image/P17/P17_1658940434447.png,1
0.011075599,0.0141038215,0.031966228,0.2776742,0.050396208,0.0010481413,0.6137358,0.45633155,0.2589809,0.36371413,0.23117897,0.29764163,0.0,0.33221784,0.08193015,1.0,0.3172489,0.33116025,0.5523229,0.45904398,1.0,0.551344,0.18357094,0.98798186,0.4297514,0.05903933,0.76404196,./image/P17/P17_1659663437834.png,1
0.015117796,0.010130306,0.09883159,0.2380171,0.03533412,0.0024238697,0.6001453,0.66300315,0.40489566,0.15608066,0.31329268,0.6850432,1.0,0.42295685,0.81009716,1.0,0.59085774,0.46103787,0.73189104,0.3694871,1.0,0.74348426,0.021168677,0.9991881,0.56365746,0.21896648,0.6839216,./image/P17/P17_1659126713806.png,1
0.006500905,0.0034774705,0.11853237,0.084405154,0.092161864,0.0037724285,0.6911498,0.49656796,0.3046809,0.22653605,0.24499445,0.20861287,0.0,0.23470068,0.03822593,1.0,0.28942782,0.41450968,0.247641,0.44007656,1.0,0.6462589,0.34226286,0.983207,0.31412736,0.043857064,0.35320172,./image/P17/P17_1658940383573.png,1
0.019465549,0.006763384,0.014535472,0.2515506,0.06860983,0.0023197234,0.63675547,0.613853,0.37649176,0.29145944,0.23050675,0.20008224,1.0,0.32810575,0.015752377,1.0,0.16067483,0.56857705,0.4603702,0.49028325,0.0,0.7637967,0.2918284,0.9321695,0.15214169,0.47793806,0.40127388,./image/P17/P17_1658948630013.png,1
0.011785674,0.009539256,0.1412726,0.20784809,0.05966057,0.0035074444,0.56638634,0.59191865,0.2518451,0.37297913,0.23817523,0.14002872,1.0,0.2964057,0.37989745,0.0,0.10473234,0.28110105,0.49536923,0.39084712,0.0,0.668988,0.08707302,0.9979388,0.6712964,0.13192867,0.5210649,./image/P17/P17_1659193638312.png,1
0.012022727,0.0075258412,0.050038833,0.1875725,0.07123634,0.002288197,0.6693156,0.5003961,0.24189508,0.29603818,0.2470924,0.24161868,1.0,0.37251157,0.24685048,1.0,0.27761218,0.54189366,0.52592427,0.41472992,1.0,0.7610482,0.18196549,0.9945692,0.59722346,0.06505921,0.6629576,./image/P17/P17_1658948493829.png,1
0.009361,0.009439869,0.522653,0.07469301,0.047641255,0.008202889,0.32800904,0.5835907,0.454197,0.2198586,0.26720467,0.14153239,0.0,0.23319936,0.035870448,0.0,0.3009144,0.292911,0.59882146,0.39157632,1.0,0.64153963,0.18977845,0.9653994,0.13048455,0.18450983,0.49637344,./image/P17/P17_1659138432047.png,1
0.011121692,0.0019832535,0.037233558,0.08969059,0.061713852,0.004880374,0.79337674,0.57272726,0.26983672,0.38106936,0.24201973,0.20777275,0.0,0.2152024,0.11887661,0.0,0.15226297,0.55341697,0.3743078,0.44870186,1.0,0.5731269,0.35246673,0.97413,0.15188101,0.4177982,0.23183148,./image/P17/P17_1659315700793.png,1
0.008045543,0.004125285,0.014805206,0.15451014,0.037531298,0.0010806299,0.7799019,0.42318687,0.20460843,0.22234897,0.26142755,0.3886311,0.0,0.37681568,0.18114421,1.0,0.3848965,0.6193568,0.63170075,0.47986004,0.0,0.81103736,0.33607063,0.99142456,0.1004528,0.13386875,0.3034085,./image/P17/P17_1658948888544.png,1
0.004698797,0.0033350356,0.076850556,0.21542656,0.03525792,0.0017395351,0.6626916,0.67136633,0.51395893,0.13894014,0.26026398,0.78314185,1.0,0.43703628,0.86617804,1.0,0.80231804,0.7009994,0.8095754,0.36770847,1.0,0.6162083,0.14237225,0.99715,0.43860942,0.07260528,0.5394823,./image/P17/P17_1658944018603.png,1
0.018254444,0.015994795,0.07137977,0.53395694,0.031537954,0.0027173636,0.32615876,0.75913996,0.4713538,0.42739415,0.23401853,0.8457722,1.0,0.47267509,0.9434175,1.0,0.7597785,0.45943496,0.57145685,0.34920782,1.0,0.2502715,0.1656196,0.99926716,0.7127584,0.2787643,0.71234155,./image/P17/P17_1659126771426.png,1
0.008171015,0.0052397856,0.1420065,0.17100352,0.03769346,0.0032610784,0.6326247,0.46032777,0.30109206,0.5338869,0.24335651,0.23146236,0.0,0.27276823,0.39110637,0.0,0.30308053,0.45472527,0.12291188,0.4003832,0.0,0.61282325,0.6151579,0.91390693,0.15280047,0.09267477,0.39388523,./image/P17/P17_1659017134447.png,1
0.014495505,0.02423015,0.30916733,0.21704596,0.06989679,0.013667973,0.35149625,0.6191428,0.44618404,0.23954685,0.33960006,0.5252397,1.0,0.35176077,0.86651886,1.0,0.6504766,0.4963886,0.41922766,0.46489292,1.0,0.5211239,0.08311569,0.9904293,0.48216283,0.1122212,0.45211354,./image/P17/P17_1659283504406.png,1
0.012799932,0.010735071,0.12818505,0.13668421,0.058879685,0.007975957,0.64474005,0.39845455,0.22190535,0.21276803,0.25677732,0.21156466,0.0,0.32157856,0.040001143,1.0,0.2581727,0.4844913,0.2422752,0.4268443,1.0,0.4864098,0.54539174,0.9345127,0.21626532,0.046843115,0.70398796,./image/P17/P17_1659017088715.png,1
0.010286169,0.0022379244,0.023174489,0.120823644,0.0445484,0.001950781,0.7969786,0.6216924,0.51711076,0.23478226,0.32459894,0.57177,1.0,0.36618683,0.76981205,0.0,0.70339656,0.44881105,0.4305147,0.4329555,0.0,0.50802433,0.17451012,0.9944518,0.3926055,0.2796995,0.8512839,./image/P17/P17_1659138506203.png,1
0.015719496,0.007611687,0.17597584,0.12170142,0.029122297,0.0028895293,0.6469798,0.5490238,0.2887746,0.37555042,0.27440822,0.25056344,1.0,0.40885875,0.09053309,0.0,0.1875566,0.54855746,0.21792772,0.41867876,1.0,0.7394729,0.34052056,0.8864422,0.22972369,0.1812951,0.58607095,./image/P17/P17_1659018434841.png,1
0.010667691,0.004814913,0.09004982,0.09436516,0.105454125,0.005743255,0.6889051,0.53214765,0.23098758,0.20220803,0.24569969,0.23513994,0.0,0.2538288,0.3093377,0.0,0.31065464,0.43496352,0.18913618,0.48412934,1.0,0.43640226,0.30426952,0.99434435,0.121526234,0.022139184,0.3394419,./image/P17/P17_1659138488062.png,1
0.014192849,0.004445552,0.111485064,0.1998721,0.03259591,0.0038928613,0.6335156,0.58915186,0.3918076,0.3305045,0.23356925,0.5251413,1.0,0.4425307,0.8673767,1.0,0.49164256,0.5074641,0.30981618,0.41946697,1.0,0.7885369,0.07030002,0.98923045,0.47296065,0.108588785,0.7609102,./image/P17/P17_1659209793873.png,1
0.023281194,0.005632318,0.173367,0.19864686,0.032362536,0.0036584837,0.56305164,0.48605087,0.2258025,0.24632254,0.24319819,0.5225165,1.0,0.39536864,0.63367605,1.0,0.4339257,0.519783,0.55488116,0.32922208,1.0,0.73962426,0.03928301,0.99945766,0.5956952,0.2009532,0.51648605,./image/P17/P17_1659209705288.png,1
0.016896157,0.004926844,0.04086803,0.1104116,0.053341687,0.0036327196,0.769923,0.5250803,0.2261234,0.4104997,0.2405319,0.2790068,0.0,0.31315035,0.8171542,1.0,0.3005684,0.53061736,0.6638123,0.5398697,1.0,0.49011028,0.23899582,0.9935835,0.31590414,0.10850815,0.6692595,./image/P17/P17_1659235307542.png,1
0.013547103,0.005406862,0.062585995,0.18885267,0.05514109,0.0018276314,0.6726386,0.47546425,0.2728435,0.1796796,0.39180267,0.65216273,1.0,0.24000658,0.90218705,0.0,0.70910084,0.5409753,0.5338671,0.38906297,1.0,0.31495586,0.08919853,0.9956007,0.4084492,0.17455444,0.16173103,./image/P17/P17_1659138694405.png,1
0.009011508,0.003278886,0.09092045,0.12644212,0.062842526,0.0041718655,0.7033326,0.6103352,0.31870127,0.4519804,0.35688362,0.23852426,1.0,0.21907033,0.7479095,1.0,0.2901874,0.5603235,0.7668667,0.46042687,0.0,0.68151444,0.7980127,0.71771127,0.22642154,0.2058768,0.08458169,./image/P17/P17_1658940431934.png,1
0.018544951,0.0033086822,0.03194754,0.18421559,0.049362298,0.0022594528,0.71036154,0.44376412,0.24726623,0.21969582,0.23845044,0.2172752,0.0,0.3355343,0.17674613,1.0,0.2562019,0.5124072,0.59250396,0.4517842,0.0,0.53888047,0.3770106,0.99224234,0.41049758,0.37845588,0.6774917,./image/P17/P17_1658940408999.png,1
0.013441204,0.0027552352,0.06065185,0.07022395,0.088253416,0.005192239,0.7594821,0.41445103,0.31272125,0.4967287,0.23948216,0.21045078,1.0,0.51638854,0.6145647,1.0,0.18088862,0.7191253,0.047076143,0.5148232,1.0,0.6197507,0.6657758,0.18824615,0.0665223,0.085009426,0.5629899,./image/P17/P17_1659017209329.png,1
0.006143987,0.0019233717,0.16835324,0.08681503,0.061156623,0.0051366496,0.67047113,0.5343084,0.2737069,0.33689588,0.23596743,0.092853144,0.0,0.22455856,0.08394576,1.0,0.1481363,0.38171136,0.14742196,0.45549983,0.0,0.6503907,0.24273545,0.977249,0.65118974,0.048507184,0.48258695,./image/P17/P17_1659235322701.png,1
0.005912924,0.0020261803,0.06114839,0.08439415,0.08824156,0.0036046375,0.7546722,0.63419497,0.3358912,0.22224832,0.500768,0.47671786,0.0,0.21581988,0.28237194,1.0,0.713166,0.6356834,0.2345495,0.46446213,1.0,0.71126914,0.27841476,0.99063146,0.16686636,0.051802143,0.07485688,./image/P17/P17_1659193589304.png,1
0.02413468,0.0064953966,0.1362601,0.16773546,0.038263563,0.004621548,0.6224892,0.6146946,0.6743298,0.4833111,0.40436348,0.3578695,0.0,0.35219696,0.5734759,0.0,0.33158222,0.48515075,0.79870284,0.31322867,1.0,0.40905377,0.19167984,0.97173476,0.3884717,0.51204515,0.5453669,./image/P17/P17_1659035147809.png,1
0.018302277,0.0038785466,0.2255518,0.08010021,0.16505319,0.0122333225,0.4948806,0.68793005,0.5407814,0.23446594,0.24965316,0.100618534,1.0,0.22137469,0.13046195,1.0,0.08440468,0.2555256,0.39078864,0.3901374,1.0,0.63685477,0.1359056,0.9864905,0.4914186,0.17447342,0.432947,./image/P17/P17_1658940787623.png,1
0.0055139773,0.008398463,0.034311123,0.1701225,0.035521775,0.0015840374,0.74454814,0.5005757,0.3410442,0.28865176,0.32039726,0.60231984,1.0,0.36878654,0.25587246,0.0,0.8167812,0.6559615,0.5301259,0.5348674,0.0,0.72953904,0.12197079,0.99296814,0.1326109,0.41886175,0.7845144,./image/P17/P17_1659071287377.png,1
0.09008957,0.019689031,0.048089903,0.19795907,0.050535277,0.0060473764,0.5875898,0.7499545,0.4914394,0.28524384,0.3882481,0.5880708,1.0,0.32223505,0.1100175,0.0,0.6500374,0.60382706,0.4482368,0.4216376,1.0,0.47004294,0.45817426,0.9780753,0.30256894,0.18653488,0.89296085,./image/P17/P17_1659035224913.png,1
0.016451389,0.008391652,0.04000115,0.17871584,0.054348927,0.0010741975,0.7010168,0.53294784,0.3940912,0.32309467,0.24359146,0.21219328,0.0,0.36620545,0.5316881,1.0,0.26329294,0.46792713,0.24048176,0.37062514,0.0,0.62950987,0.30843395,0.9956507,0.15882593,0.1084775,0.3161314,./image/P17/P17_1659138586443.png,1
0.009717657,0.005715667,0.13009329,0.13432086,0.099656135,0.004035333,0.6164611,0.6104728,0.3321968,0.13853559,0.2427084,0.108631074,1.0,0.22372264,0.037738204,0.0,0.11461225,0.2186081,0.7126991,0.41995654,0.0,0.63909864,0.23445897,0.3356425,0.43536067,0.45365494,0.40400454,./image/P17/P17_1658940759374.png,1
0.005513983,0.0032477863,0.04226788,0.10994516,0.045928326,0.0023948657,0.7907019,0.37995154,0.16663298,0.3625876,0.24350601,0.197521,0.0,0.33237216,0.42286286,1.0,0.39785564,0.6157933,0.08358185,0.35369766,1.0,0.4920179,0.49496678,0.9549777,0.34263757,0.099741,0.3568261,./image/P17/P17_1659017169585.png,1
0.016490184,0.0049440744,0.046088103,0.17211726,0.05028813,0.0017936579,0.7082786,0.5368138,0.4191727,0.2283773,0.22564448,0.18743655,1.0,0.37156948,0.5877253,1.0,0.20759498,0.37658724,0.45123547,0.35813397,0.0,0.45150918,0.19778863,0.9943777,0.4044942,0.11775335,0.9285828,./image/P17/P17_1659017070920.png,1
0.009156601,0.011397663,0.19010517,0.33381015,0.029880075,0.0017667499,0.42388356,0.6512786,0.55971116,0.12028369,0.34487322,0.70111495,1.0,0.4060786,0.6367189,1.0,0.80198926,0.59210306,0.8252321,0.37745646,1.0,0.5458724,0.122975655,0.9987037,0.28345478,0.048953526,0.88782936,./image/P17/P17_1659283573486.png,1
0.0076863696,0.010225015,0.17739059,0.19719797,0.04851923,0.0043725814,0.5546082,0.5142776,0.38179177,0.26706353,0.25977555,0.17525393,0.0,0.29208758,0.090812095,1.0,0.17518526,0.4035145,0.12912679,0.43913984,1.0,0.51479673,0.28004193,0.8219778,0.14516869,0.09217679,0.54107213,./image/P17/P17_1659138501306.png,1
0.016231999,0.014347805,0.10630526,0.30648246,0.035804305,0.0039743157,0.51685387,0.5383964,0.41526213,0.11787559,0.24163248,0.77674556,1.0,0.4946476,0.89810866,0.0,0.72302794,0.5482487,0.55438536,0.43849906,1.0,0.64920014,0.115151726,0.9975197,0.51165897,0.13085793,0.60933757,./image/P17/P17_1659126773028.png,1
0.006448655,0.0023990732,0.56433177,0.033631682,0.024385322,0.008890589,0.3599129,0.57391775,0.20259906,0.3029101,0.26265386,0.14235839,0.0,0.4071041,0.44251424,1.0,0.087278716,0.35139364,0.34376666,0.36655316,1.0,0.6084788,0.5010172,0.73826945,0.28894046,0.38339987,0.43578497,./image/P17/P17_1659071230748.png,1
0.0078043262,0.0029128243,0.095393315,0.098807625,0.08192375,0.0056045954,0.70755345,0.53708655,0.1783868,0.43295085,0.2302631,0.18069586,1.0,0.36011165,0.29964703,1.0,0.26185,0.41727942,0.43707404,0.42151546,1.0,0.6343078,0.46685234,0.96454316,0.17437032,0.07655178,0.5978265,./image/P17/P17_1659017092730.png,1
0.009927466,0.0078005893,0.058345884,0.23880345,0.027305175,0.0008975516,0.65691996,0.67478985,0.29557106,0.5484682,0.23401853,0.71618456,1.0,0.46273172,0.9196584,1.0,0.45413426,0.46289116,0.82429576,0.36739737,1.0,0.68320286,0.06918791,0.9990445,0.44298965,0.13979562,0.78795356,./image/P17/P17_1659126780486.png,1
0.011776734,0.011644543,0.32651296,0.32678273,0.032213435,0.002184711,0.2888849,0.5048735,0.26847214,0.2431515,0.24295571,0.83041054,1.0,0.33396626,0.6898504,0.0,0.63145304,0.56802577,0.21849205,0.18697941,1.0,0.2860897,0.040377058,0.9949131,0.6183257,0.11120312,0.54399025,./image/P17/P17_1659126725700.png,1
0.018247107,0.011575612,0.10260818,0.1916099,0.061448123,0.0036818977,0.61082923,0.45190108,0.2888647,0.19369861,0.25576782,0.36413518,0.0,0.43003395,0.79902136,1.0,0.38690335,0.70384055,0.40167484,0.5057662,1.0,0.62517273,0.14390405,0.98220086,0.31633934,0.064017,0.60390526,./image/P17/P17_1659138493854.png,1
0.012257082,0.0016897917,0.022959813,0.21211576,0.06350231,0.0017294836,0.68574584,0.6636077,0.33439273,0.3862151,0.23009737,0.42882755,1.0,0.42129353,0.044930067,1.0,0.30331936,0.5265161,0.606845,0.42494017,1.0,0.66357064,0.065568954,0.99942505,0.6213191,0.28856364,0.67991936,./image/P17/P17_1659106887533.png,1
0.008877321,0.009979487,0.31909525,0.11756596,0.057361055,0.008147932,0.47897303,0.61110526,0.5553972,0.07339444,0.25683454,0.13394873,0.0,0.2078453,0.007346647,0.0,0.17053464,0.4472329,0.25166968,0.4175357,1.0,0.5778966,0.2933851,0.9365365,0.1461166,0.044324704,0.34384394,./image/P17/P17_1658940770387.png,1
0.023393437,0.013407196,0.06903322,0.27445596,0.041426815,0.0015624325,0.576721,0.5290715,0.32979196,0.19766112,0.22998989,0.31170395,1.0,0.37241203,0.826173,0.0,0.4643776,0.47374082,0.47952265,0.39775348,1.0,0.62821096,0.19565685,0.98818076,0.38270465,0.33607563,0.6791944,./image/P17/P17_1658940707027.png,1
0.015545859,0.003801459,0.09135317,0.07663141,0.105759434,0.0059480476,0.70096064,0.510073,0.19684532,0.2501922,0.24863091,0.24757496,0.0,0.32573542,0.20194986,0.0,0.3114106,0.49282765,0.2995036,0.35895666,0.0,0.364149,0.4664981,0.9581141,0.20515634,0.15471587,0.47474137,./image/P17/P17_1659017103957.png,1
0.023258585,0.0060668597,0.024960425,0.24714345,0.044730704,0.0024221854,0.6514178,0.5179159,0.2858608,0.20608021,0.32178468,0.7301622,1.0,0.48365778,0.48533732,1.0,0.6858149,0.6218462,0.48565656,0.5771394,1.0,0.6177739,0.21956971,0.9744734,0.20470825,0.11732404,0.6147526,./image/P17/P17_1659071255415.png,1
0.012343426,0.005329523,0.13917552,0.102456436,0.097805105,0.006418928,0.63647103,0.4776394,0.16625762,0.3872275,0.23253152,0.16020945,0.0,0.2154898,0.058118124,1.0,0.20948142,0.39544463,0.34667233,0.41402456,0.0,0.6516308,0.2563173,0.9929247,0.18047582,0.030124417,0.2997822,./image/P17/P17_1659017109468.png,1
0.012444862,0.010905719,0.11173716,0.4466533,0.025926543,0.00359199,0.38874048,0.68660617,0.5387649,0.20067224,0.34635177,0.72062165,0.0,0.3490676,0.9952291,0.0,0.5685151,0.47983518,0.41962892,0.24495327,1.0,0.5058548,0.04532215,0.9969735,0.33429354,0.10519339,0.4182567,./image/P17/P17_1659209842934.png,1
0.018059062,0.0098650055,0.22231098,0.15463674,0.041471,0.010337763,0.54331946,0.6292103,0.6102574,0.13806671,0.24752685,0.12245571,0.0,0.37502855,0.122992575,1.0,0.16142382,0.50582755,0.43976957,0.45365623,1.0,0.799475,0.6872777,0.85813856,0.10222521,0.085145295,0.45312455,./image/P17/P17_1659315763373.png,1
0.01044033,0.0056493655,0.049101386,0.21598442,0.040317677,0.0015913256,0.67691547,0.6428076,0.45866907,0.38404658,0.30614161,0.6013651,1.0,0.37778512,0.32397738,1.0,0.8502948,0.6417923,0.3666117,0.38540772,0.0,0.611207,0.3589416,0.9791109,0.16306141,0.39486557,0.7184434,./image/P17/P17_1659071224680.png,1
0.0117607,0.0033019998,0.08170415,0.08775336,0.13147065,0.007030548,0.6769787,0.62987477,0.62767744,0.14262398,0.40695226,0.08599982,0.0,0.16701038,0.30661014,0.0,0.08511539,0.3410158,0.6950549,0.4507492,0.0,0.7220459,0.4975445,0.67101383,0.3287739,0.25728402,0.13049798,./image/P17/P17_1658940761202.png,1
0.016504334,0.005261664,0.08657018,0.18800284,0.054570526,0.0042607975,0.64482963,0.4816476,0.30055982,0.30943993,0.42885488,0.19756603,1.0,0.23971978,0.2554153,0.0,0.36596677,0.43930545,0.2255925,0.34734017,1.0,0.68590164,0.22588986,0.99868673,0.32959974,0.06415088,0.1586569,./image/P17/P17_1658948514692.png,1
0.045421317,0.007710962,0.04476217,0.17678538,0.032611564,0.00227318,0.6904354,0.6868858,0.6691726,0.4153047,0.39362645,0.6661618,0.0,0.3577794,0.13208242,0.0,0.6443407,0.6698862,0.7501116,0.3926257,1.0,0.4057301,0.36625242,0.9856064,0.42519692,0.19931212,0.8783023,./image/P17/P17_1659126654398.png,1
0.008127713,0.0039176806,0.28166416,0.08908311,0.044840384,0.005218344,0.56714857,0.49430668,0.27968746,0.38711834,0.25305295,0.124769844,1.0,0.25600412,0.041635577,0.0,0.20602836,0.4837954,0.34300414,0.39803764,0.0,0.7154595,0.6849482,0.32756448,0.12536214,0.2348139,0.28490654,./image/P17/P17_1659315777451.png,1
0.009491248,0.0044325697,0.07264763,0.21112126,0.04779056,0.001875104,0.65264165,0.57657295,0.20374739,0.37338543,0.23762752,0.37324405,1.0,0.45697522,0.93577737,1.0,0.30277264,0.423624,0.5840164,0.34809455,1.0,0.66729003,0.049716882,0.99916244,0.47916487,0.0972543,0.6276047,./image/P17/P17_1659193612849.png,1
0.009859067,0.002123754,0.06817361,0.09689648,0.08727152,0.0059452113,0.7297304,0.4951192,0.20402431,0.2183728,0.24725434,0.24256486,1.0,0.26240402,0.13989674,0.0,0.3351301,0.5228323,0.23850858,0.37851,0.0,0.53234977,0.37156105,0.98886675,0.12684995,0.059251826,0.53522086,./image/P17/P17_1659017067531.png,1
0.0072518406,0.008056614,0.047750004,0.25607014,0.027392015,0.00080687227,0.6526725,0.54099154,0.35246253,0.2105323,0.22507133,0.6159783,1.0,0.46221343,0.527742,1.0,0.6188379,0.6783744,0.42466047,0.43734366,1.0,0.63174933,0.062264226,0.9997532,0.5486012,0.12511279,0.7460408,./image/P17/P17_1659106906544.png,1
0.02109792,0.0016654192,0.008840334,0.17057586,0.05383851,0.0017841348,0.74219775,0.6131584,0.42893398,0.2688696,0.30936354,0.4307077,1.0,0.3991898,0.13996549,1.0,0.70794207,0.57252413,0.1747172,0.37000778,0.0,0.7697475,0.33541566,0.99764854,0.34963936,0.13456152,0.82395303,./image/P17/P17_1659139047046.png,1
0.009530141,0.0034242247,0.039781127,0.21874921,0.04012912,0.0014280248,0.68695813,0.6218486,0.43179262,0.20112368,0.3288888,0.5216856,1.0,0.35168555,0.32225603,1.0,0.8273648,0.51945287,0.47727814,0.34933344,1.0,0.597994,0.14583243,0.9979234,0.15469037,0.078676455,0.9443318,./image/P17/P17_1659126721294.png,1
0.01774304,0.008964386,0.037367295,0.3471448,0.033031028,0.0015615033,0.5541879,0.5184745,0.3520864,0.20819074,0.34259227,0.5126901,1.0,0.4275453,0.78911597,0.0,0.4602114,0.6152392,0.7616828,0.49336022,1.0,0.5841291,0.092688,0.97189,0.4218536,0.16042791,0.5726392,./image/P17/P17_1658940662458.png,1
0.014225167,0.0038251684,0.16318366,0.21218581,0.024363797,0.002389969,0.5798264,0.6925605,0.40067375,0.1249168,0.33850563,0.59333354,0.0,0.28307775,0.9151118,0.0,0.84237736,0.6603976,0.57537496,0.31616947,1.0,0.6530635,0.23860079,0.9851059,0.59821796,0.25048122,0.74331677,./image/P17/P17_1659703647017.png,1
0.016033433,0.0055675656,0.1849692,0.17133497,0.032153882,0.0044202274,0.5855208,0.84179384,0.5405518,0.41762808,0.3133421,0.6191857,1.0,0.3916403,0.03745634,1.0,0.35040128,0.51955247,0.53380764,0.36837727,1.0,0.28096992,0.24045216,0.9702234,0.19825439,0.35634816,0.7941888,./image/P17/P17_1659035173605.png,1
0.009018753,0.0052062087,0.08430869,0.16302547,0.08861699,0.003199512,0.6466244,0.5829979,0.23348069,0.25393972,0.2322303,0.07205565,1.0,0.24062997,0.101172715,1.0,0.05786735,0.33960298,0.38839182,0.38572767,0.0,0.6517007,0.63109726,0.96615857,0.59592927,0.2129331,0.2418591,./image/P17/P17_1659663090994.png,1
0.011345374,0.006863297,0.49146864,0.07514176,0.04061226,0.014899771,0.35966885,0.6265085,0.5402042,0.1988681,0.4579501,0.043130632,0.0,0.11917769,0.026401902,0.0,0.04000863,0.26499748,0.26744142,0.35747334,0.0,0.6187942,0.65826434,0.73412836,0.10423774,0.39002928,0.10504265,./image/P17/P17_1659071281049.png,1
0.010144653,0.0066409754,0.14285672,0.22207469,0.044329975,0.0018586516,0.5720944,0.75962734,0.3234633,0.42779595,0.22788502,0.30889085,0.0,0.38936454,0.1774607,0.0,0.20480534,0.3060915,0.6749964,0.40741152,1.0,0.6241006,0.05550048,0.9997154,0.8618402,0.04259066,0.89747894,./image/P17/P17_1659193642314.png,1
0.011474642,0.0019097675,0.012572431,0.121146865,0.060558416,0.0012358911,0.791102,0.64180726,0.38032976,0.14950292,0.32352567,0.64452964,1.0,0.46858376,0.6924546,1.0,0.740836,0.59038,0.772705,0.47213948,0.0,0.6437412,0.31919014,0.99427104,0.32244825,0.23923476,0.30518475,./image/P17/P17_1659138518296.png,1
0.0047693667,0.0043172287,0.19986029,0.16781111,0.044035286,0.0048730723,0.57433367,0.46469688,0.34759048,0.22494246,0.25211653,0.2976484,1.0,0.24060825,0.47306132,0.0,0.26150018,0.63063085,0.27759853,0.42165014,1.0,0.48346797,0.048662573,0.9931178,0.33399555,0.14495608,0.41349933,./image/P17/P17_1659663202437.png,1
0.039075736,0.007780992,0.1329303,0.19186893,0.047931887,0.0071628965,0.5732493,0.7675323,0.5338063,0.26395378,0.41930234,0.548679,1.0,0.3381902,0.13079156,1.0,0.48618078,0.37825984,0.72019327,0.33294374,1.0,0.6858125,0.23208715,0.9630139,0.34820002,0.49659783,0.43980956,./image/P17/P17_1658944006222.png,1
0.004987963,0.00488415,0.10411352,0.12941511,0.034679767,0.0019853937,0.71993417,0.5759035,0.46989116,0.24031736,0.23206642,0.5258593,0.0,0.44760442,0.10180462,1.0,0.3746874,0.56130636,0.32970905,0.37689105,1.0,0.61975616,0.045696918,0.99624157,0.32060608,0.12913871,0.76154023,./image/P17/P17_1659106928304.png,1
0.0036408126,0.0063183242,0.29348603,0.07961777,0.043794814,0.0053462912,0.567796,0.369641,0.1753938,0.3656454,0.24335651,0.187321,0.0,0.32623503,0.33577397,0.0,0.18738207,0.45907682,0.101863205,0.45742747,1.0,0.67408204,0.6873792,0.9876365,0.10573037,0.26916313,0.40994045,./image/P17/P17_1658948588040.png,1
0.017788135,0.004447142,0.027402889,0.212079,0.07198783,0.0017894015,0.66450554,0.51660126,0.36835533,0.38447735,0.23528256,0.29137206,0.0,0.41838953,0.053815253,1.0,0.2732559,0.5029185,0.7152437,0.39763206,1.0,0.6298022,0.077610575,0.9944405,0.2946022,0.07084712,0.55422485,./image/P17/P17_1658948484214.png,1
0.008230728,0.0019577462,0.029075043,0.16632608,0.052184366,0.0012189286,0.74100715,0.6405144,0.52438354,0.23201476,0.2422256,0.40843984,1.0,0.3626506,0.32135668,1.0,0.64504355,0.65735644,0.270354,0.31020737,1.0,0.49519965,0.16906251,0.9913148,0.31319043,0.10951367,0.69662374,./image/P17/P17_1659283546815.png,1
0.015298741,0.0043035527,0.04263431,0.13004543,0.07674426,0.0031576518,0.72781616,0.5584173,0.23584493,0.4386481,0.31857538,0.18067667,0.0,0.3452842,0.33490875,1.0,0.2576659,0.5560242,0.59907854,0.45929733,0.0,0.6234294,0.46642506,0.9791628,0.20565435,0.13682817,0.28419963,./image/P17/P17_1658948696296.png,1
0.008954098,0.0033386396,0.20555829,0.07689959,0.06620331,0.0073162913,0.63172984,0.48983714,0.32516763,0.33624372,0.25064927,0.26535928,1.0,0.3286138,0.022215124,0.0,0.2493534,0.41747367,0.40404537,0.44258714,1.0,0.59943885,0.24760064,0.9839527,0.5562254,0.042805504,0.6932626,./image/P17/P17_1658948736614.png,1
0.009834454,0.0029846728,0.05065835,0.19383661,0.046686888,0.0032492378,0.6927498,0.5933645,0.23639622,0.15665364,0.24821487,0.20066404,0.0,0.32566974,0.30367118,1.0,0.12464763,0.38119832,0.48837566,0.40141597,1.0,0.6784367,0.23931196,0.99219984,0.5390433,0.17261976,0.36445665,./image/P17/P17_1658940404949.png,1
0.005732072,0.012623091,0.13511956,0.20301373,0.059219364,0.004190483,0.5801018,0.3867824,0.19354124,0.25230253,0.3050915,0.21296653,0.0,0.21900518,0.41970548,0.0,0.25795683,0.42960948,0.4966197,0.4072513,1.0,0.5992328,0.5493678,0.9940826,0.5963877,0.24112706,0.16733606,./image/P17/P17_1659663149401.png,1
0.013685428,0.008808752,0.2114137,0.14583483,0.07424771,0.005919714,0.5400898,0.7428463,0.5634456,0.30740935,0.25558072,0.11278414,1.0,0.23827834,0.5544654,0.0,0.17279185,0.25420803,0.17508468,0.43135875,0.0,0.69747776,0.1604636,0.97729546,0.46830934,0.12370946,0.4088137,./image/P17/P17_1658940758363.png,1
0.01789012,0.008100923,0.17861605,0.12484672,0.113419764,0.005712529,0.55141383,0.4855321,0.24045736,0.17725007,0.25768146,0.16441725,1.0,0.33447823,0.25302055,1.0,0.28596786,0.4773483,0.15254435,0.40396336,1.0,0.7175295,0.38482887,0.97647935,0.28789237,0.099240124,0.70021373,./image/P17/P17_1659017066230.png,1
0.013035572,0.008060091,0.04340906,0.19961014,0.049336072,0.0017296296,0.6848194,0.66668946,0.4709121,0.3748928,0.26822224,0.27124003,1.0,0.31512132,0.42672944,1.0,0.5195465,0.5353328,0.28481713,0.42718527,0.0,0.6300662,0.32928985,0.9910091,0.15460971,0.11449656,0.893878,./image/P17/P17_1659138564830.png,1
0.00845016,0.0025317715,0.021452853,0.1929946,0.04120409,0.0012681901,0.73209834,0.50771934,0.2893248,0.20841494,0.30935866,0.64724565,1.0,0.43934798,0.5598537,0.0,0.7595852,0.59929144,0.49849772,0.44379735,1.0,0.54716206,0.11167203,0.99884194,0.48063383,0.11316523,0.35701334,./image/P17/P17_1659071226458.png,1
0.010945284,0.007085617,0.1086451,0.20059375,0.0633817,0.004592139,0.6047564,0.48102278,0.24206485,0.31056476,0.2307566,0.15466148,0.0,0.3063222,0.068311326,1.0,0.10799813,0.40913793,0.44543856,0.376857,0.0,0.6894355,0.38041443,0.98630697,0.75244635,0.28752393,0.657632,./image/P17/P17_1659235314748.png,1
0.014434286,0.0058218706,0.15098107,0.106865644,0.10517298,0.011264484,0.60545963,0.546088,0.33997923,0.14645272,0.2351082,0.11859661,1.0,0.22683932,0.60031885,1.0,0.121927686,0.49051064,0.40409258,0.41137987,0.0,0.7294747,0.30772156,0.98643297,0.25094458,0.22525375,0.5083406,./image/P17/P17_1658948510197.png,1
0.0140753295,0.010864085,0.24745767,0.35123593,0.021822477,0.0023904827,0.35215402,0.6549199,0.46727788,0.227042,0.33987945,0.7337657,0.0,0.3620726,0.7274633,1.0,0.74093866,0.6063226,0.5265971,0.37897936,1.0,0.65647405,0.060095206,0.9998159,0.65027547,0.12038448,0.62126535,./image/P17/P17_1659126775965.png,1
0.007253126,0.0024912916,0.08570888,0.24598001,0.048921857,0.008053139,0.60159177,0.6990469,0.16076973,0.16251203,0.2593109,0.13498932,0.0,0.3571867,0.87109315,0.0,0.038399857,0.36118534,0.48734257,0.3937217,0.0,0.53965724,0.29843733,0.96305037,0.13150427,0.6801981,0.4216531,./image/P17/P17_1659315717567.png,1
0.009189949,0.0037085735,0.11996463,0.28209838,0.031022996,0.0017648101,0.55225056,0.5269684,0.4589409,0.20296504,0.26162794,0.75994307,1.0,0.44968995,0.98267466,1.0,0.8244657,0.7435989,0.4240068,0.35679376,1.0,0.4769192,0.12938239,0.99534744,0.6385008,0.17653519,0.5065396,./image/P17/P17_1659283559180.png,1
0.0141589735,0.03766275,0.17850707,0.4128373,0.03315981,0.0036418764,0.32003227,0.58381814,0.42495766,0.24541803,0.41872293,0.7586374,1.0,0.31502408,0.8485182,0.0,0.7528127,0.63328284,0.51435155,0.36927873,1.0,0.32083684,0.022508381,0.98422945,0.2334112,0.09845404,0.72252715,./image/P17/P17_1659283578786.png,1
0.0061567603,0.006021531,0.1302228,0.08789902,0.054072477,0.008266394,0.707361,0.52061695,0.24502192,0.30247486,0.33978897,0.12561761,0.0,0.18321127,0.55993825,1.0,0.27559435,0.44310197,0.102261186,0.26759303,1.0,0.6557591,0.72670615,0.3080383,0.07434165,0.26349893,0.11677204,./image/P17/P17_1659315749623.png,1
0.0074822227,0.0016720198,0.06565529,0.07378724,0.077633746,0.0040268996,0.7697426,0.5436981,0.18701047,0.23349218,0.2559249,0.197059,1.0,0.43417165,0.04157267,0.0,0.16790195,0.5809339,0.34537515,0.4289411,1.0,0.6458823,0.53399205,0.9704295,0.15675691,0.09887982,0.42659515,./image/P17/P17_1659663213323.png,1
0.027520351,0.009774031,0.054145727,0.16685313,0.04947173,0.0015742385,0.6906608,0.5326038,0.210877,0.30448356,0.23306195,0.14452875,0.0,0.29191583,0.09990382,0.0,0.28323662,0.4093329,0.7368838,0.3947499,0.0,0.43864182,0.11756346,0.9956117,0.15893227,0.0830486,0.7043943,./image/P17/P17_1659663650827.png,1
0.013930515,0.01320051,0.12406731,0.11191855,0.049585212,0.0052114064,0.68208647,0.31560645,0.19529162,0.20535137,0.3302093,0.07852439,0.0,0.19963747,0.19394004,0.0,0.11670727,0.36249197,0.1136777,0.3045099,1.0,0.5178783,0.6306592,0.4511704,0.086834535,0.19576868,0.07255839,./image/P17/P17_1659315771019.png,1
0.012748897,0.016457232,0.1861315,0.17664409,0.04256501,0.0053974036,0.56005585,0.4911785,0.23011622,0.23512824,0.23580703,0.11366722,1.0,0.3009137,0.04738451,1.0,0.120531924,0.5167042,0.602129,0.43263397,1.0,0.6401391,0.76486963,0.4994043,0.06457922,0.11359341,0.5904903,./image/P17/P17_1659018431057.png,1
0.009137867,0.0024917093,0.078406654,0.08053217,0.072223395,0.0041740537,0.7530341,0.49293882,0.30992433,0.25743812,0.2544548,0.18917069,1.0,0.28368464,0.26128846,1.0,0.3455423,0.50233215,0.56523955,0.45332816,1.0,0.76237804,0.30128753,0.95295787,0.20934102,0.14737894,0.5923944,./image/P17/P17_1659235282337.png,1
0.007439208,0.0040445155,0.12304228,0.16316912,0.069940835,0.0036569447,0.6287071,0.45954177,0.21772929,0.23723842,0.31773347,0.114459716,0.0,0.17318983,0.042682957,0.0,0.37514,0.503174,0.5200773,0.35239434,0.0,0.70769584,0.12348996,0.9960896,0.44979498,0.06841846,0.09248451,./image/P17/P17_1659663103651.png,1
0.00970314,0.0030475934,0.1642821,0.11675406,0.040287454,0.0045299083,0.6613957,0.5662631,0.32542777,0.23527971,0.22980589,0.49866155,1.0,0.34360492,0.89376646,1.0,0.48368505,0.5847013,0.38667715,0.36080804,1.0,0.47371775,0.04339858,0.99908245,0.71434397,0.20007516,0.6138923,./image/P17/P17_1658948536164.png,1
0.020044923,0.014318812,0.18955807,0.38401845,0.04781425,0.004318562,0.33992702,0.6578754,0.60332555,0.34355244,0.40749994,0.7905927,1.0,0.45531642,0.30381358,0.0,0.6135901,0.563086,0.3884924,0.25159824,1.0,0.25437436,0.02413952,0.998844,0.31762978,0.25065166,0.57767665,./image/P17/P17_1658951819089.png,1
0.016740702,0.0059020836,0.101411425,0.4372062,0.03662577,0.002463214,0.39965063,0.604638,0.46310377,0.2674888,0.25432545,0.73976177,1.0,0.4541645,0.92731786,1.0,0.65526223,0.5143405,0.51263577,0.37047812,1.0,0.5358389,0.10089833,0.9983734,0.7376387,0.14045148,0.91438943,./image/P17/P17_1659209837139.png,1
0.009102021,0.0018364955,0.039995793,0.12328652,0.07638588,0.0019190919,0.74747413,0.591397,0.29217383,0.37522587,0.23203337,0.26680192,0.0,0.4438387,0.57283354,1.0,0.22335434,0.44940323,0.54816073,0.4179691,1.0,0.71001464,0.12344535,0.99747664,0.51171386,0.13924418,0.22682975,./image/P17/P17_1659193616960.png,1
0.01284447,0.0033994056,0.098183565,0.097848214,0.061143328,0.003900191,0.72268075,0.5770788,0.26474664,0.22958736,0.27369422,0.20786503,1.0,0.31093004,0.12273849,1.0,0.43602437,0.56051314,0.43257987,0.4476485,1.0,0.5980837,0.26654887,0.9871137,0.22920991,0.12670481,0.62879395,./image/P17/P17_1658948489990.png,1
0.012286866,0.0038140076,0.09133065,0.14407812,0.10154198,0.0045986283,0.6423498,0.5499351,0.27623898,0.34506026,0.36441484,0.10935894,0.0,0.19202648,0.06837075,1.0,0.27146232,0.4054406,0.44237414,0.3768133,0.0,0.61464846,0.4020316,0.8735535,0.2303666,0.038530443,0.06093948,./image/P17/P17_1659663214538.png,1
0.01045126,0.003652945,0.055497337,0.25554708,0.06438954,0.002948096,0.60751367,0.73661524,0.5966759,0.28873628,0.25687417,0.40088594,1.0,0.36244375,0.16813914,1.0,0.31738195,0.4779595,0.6276294,0.4840424,1.0,0.714268,0.10229228,0.99937916,0.6619189,0.17859678,0.7649812,./image/P17/P17_1659703783895.png,1
0.008890325,0.0044419672,0.15328926,0.25076744,0.032136384,0.0011632644,0.54931146,0.611703,0.45923874,0.49086195,0.26050264,0.7640261,1.0,0.4210757,0.7118955,1.0,0.8396893,0.69795316,0.6969314,0.38984463,1.0,0.6072211,0.10253875,0.99446106,0.603385,0.10029904,0.622865,./image/P17/P17_1659283566575.png,1
0.0060248366,0.0037065109,0.08078384,0.3572306,0.029301595,0.0012678957,0.5216847,0.6357556,0.46067682,0.2317673,0.34342352,0.74808514,1.0,0.45410407,0.714126,1.0,0.86347234,0.6522723,0.585453,0.32846087,1.0,0.5467569,0.04617804,0.99990094,0.5452321,0.09118439,0.70948446,./image/P17/P17_1659126714298.png,1
0.0048405495,0.0051670186,0.3286729,0.2986567,0.028505206,0.0011159669,0.33304167,0.6346755,0.31397814,0.30135593,0.22833948,0.79715645,1.0,0.40578115,0.9438427,1.0,0.8089302,0.58781636,0.53613865,0.41708863,1.0,0.52876806,0.09702533,0.9971226,0.5250366,0.28190446,0.7429057,./image/P17/P17_1659126756817.png,1
0.0060806475,0.0030111594,0.23784253,0.09046735,0.04900699,0.008843093,0.60474813,0.6714855,0.51539737,0.18621802,0.26502842,0.113496006,0.0,0.3724903,0.479013,0.0,0.082658105,0.37400204,0.26933664,0.40649587,1.0,0.6624177,0.23470394,0.9979913,0.19785045,0.06963416,0.48013112,./image/P17/P17_1659071233222.png,1
0.006718801,0.014076451,0.4307782,0.19194083,0.028988462,0.0038541125,0.32364306,0.427491,0.23708335,0.26616034,0.32473615,0.3545194,0.0,0.27044126,0.017969651,1.0,0.38068166,0.5066242,0.289613,0.33934596,1.0,0.55135274,0.26465505,0.99866986,0.06724777,0.24588561,0.6539078,./image/P17/P17_1659017140125.png,1
0.008078374,0.0072695483,0.065605134,0.26936498,0.026296617,0.0013284051,0.62205696,0.768966,0.270751,0.33928922,0.23056088,0.53224987,1.0,0.42475685,0.79342455,1.0,0.5206579,0.43616918,0.74316144,0.34421623,1.0,0.7454468,0.065063424,0.9968478,0.62611,0.17600617,0.74559146,./image/P17/P17_1659126783812.png,1
0.015795613,0.00602506,0.023345647,0.2225372,0.043186866,0.0013971872,0.6877125,0.46238738,0.31692454,0.23410119,0.23078987,0.19734098,0.0,0.34543192,0.25953844,0.0,0.15272261,0.5375181,0.4225072,0.4674587,0.0,0.7102986,0.34917,0.96757317,0.13634892,0.19230956,0.43158585,./image/P17/P17_1658940727326.png,1
0.014168116,0.01030771,0.07673341,0.22286272,0.063716315,0.0024306264,0.6097811,0.58980453,0.27063265,0.39312038,0.33622372,0.26682732,0.0,0.21020083,0.06403396,1.0,0.48943245,0.411934,0.31793696,0.34743667,1.0,0.58189076,0.090591215,0.99184036,0.5017039,0.046641305,0.1380692,./image/P17/P17_1658940686992.png,1
0.030852543,0.0060476973,0.09636469,0.14474711,0.057801604,0.005578561,0.6586078,0.515229,0.29741183,0.18182759,0.41042462,0.14348446,0.0,0.20087917,0.09352221,0.0,0.1760146,0.63665175,0.40158042,0.40085402,1.0,0.6340288,0.6213694,0.90697694,0.09893071,0.20272276,0.075297415,./image/P17/P17_1658940420099.png,1
0.015423096,0.006459365,0.03369547,0.22286527,0.072232574,0.0028323971,0.6464918,0.75117016,0.6800974,0.14261417,0.32492095,0.6794152,1.0,0.4488157,0.95981306,1.0,0.88470775,0.58972186,0.4438232,0.42595768,1.0,0.604974,0.15103863,0.99967325,0.35540143,0.059804734,0.46614668,./image/P17/P17_1659138508153.png,1
